Workbook
Name AtividadesDestaque: #REF!
Name DestaquesAFazer: #REF!
Name Redefinir_Área_Impressão: OFFSET(#REF!,0,0,COUNTA(#REF!)+5)
Name SegmentaçãodeDados_Nível: #N/A
Name valInícioD: #REF!
Name valTérminoD: #REF!

Sheet Plano de Trabalho - Baseline
H2: Alvarez & Marsal Infrastructure & Capital Projects
H3: Plano de Trabalho | M3: Data de Atualização: | N3: =TODAY() -> 46164
H5: Cliente: Gerdau
H6: Projeto: Diagnóstico de PAEBM & Implantação GISTM | P6: Data: 22 de Janeiro, de 2024
H7: Setor: Mineração | P7: Revisão: 00 | R7: =DATEVALUE(#REF!) -> #REF! | S7: =DATEVALUE(#REF!) -> #REF! | T7: =DATEVALUE(#REF!) -> #REF! | U7: =DATEVALUE(#REF!) -> #REF! | V7: =DATEVALUE(#REF!) -> #REF! | W7: =DATEVALUE(#REF!) -> #REF! | X7: =DATEVALUE(#REF!) -> #REF! | Y7: =DATEVALUE(#REF!) -> #REF! | ... BM7: =DATEVALUE(#REF!) -> #REF!
B10: Nível | C10: EAP | D10: Nível 1 | E10: Nível 2 | F10: Nível 3 | G10: Nível 4 | H10: Plano de Trabalho - A&M | I10: Data Início Previsto | J10: Data Término Prevista | K10: Data Início Real/Projetado | L10: Data Término Real/Projetado | M10: Responsável | N10: Status | O10: F | P10: Restrições | Q10: Avanço Previsto | R10: Avanço Realizado | S10: 01/02/2025 | T10: 08/02/2025 | U10: 15/02/2025 | V10: 22/02/2025 | W10: 01/03/2025 | X10: 08/03/2025 | Y10: 15/03/2025 | Z10: 22/03/2025 | AA10: 29/03/2025 | AB10: 05/04/2025 | AC10: 12/04/2025 | AD10: 19/04/2025 | AE10: 26/04/2025 | AF10: 03/05/2025 | AG10: 10/05/2025 | AH10: 17/05/2025 | AI10: 24/05/2025 | AJ10: 31/05/2025 | AK10: 07/06/2025 | AL10: 14/06/2025 | AM10: 21/06/2025 | AN10: 28/06/2025 | AO10: 05/07/2025 | AP10: 12/07/2025 | AQ10: 19/07/2025 | AR10: 26/07/2025 | AS10: 02/08/2025 | AT10: 09/08/2025 | AU10: 16/08/2025 | AV10: 23/08/2025 | AW10: 30/08/2025 | AX10: 06/09/2025 | AY10: 13/09/2025 | AZ10: 20/09/2025 | BA10: 27/09/2025 | BB10: 04/10/2025 | BC10: 11/10/2025 | BD10: 18/10/2025 | BE10: 25/10/2025 | BF10: 01/11/2025 | BG10: 08/11/2025 | BH10: 15/11/2025 | BI10: 22/11/2025 | BJ10: 29/11/2025 | BK10: 06/12/2025 | BL10: 13/12/2025 | BM10: 20/12/2025 | BN10: 27/12/2025
B11: {=_xlfn.IFS(LEN(Tab.baseline[[#This Row],[EAP]])=1,"Nível 1",LEN(Tab.baseline[[#This Row],[EAP]])=3,"Nível 2",LEN(Tab.baseline[[#This Row],[EAP]])=5,"Nível 3",LEN(Tab.baseline[[#This Row],[EAP]])=7,"Nível 4",LEN(Tab.baseline[[#This Row],[EAP]])=9,"Nível 5",LEN(Tab.baseline[[#This Row],[EAP]])=11,"Nível 6",LEN(Tab.baseline[[#This Row],[EAP]])=11,"Nível 7")} -> Nível 1 | C11: 1 | D11: - | E11: - | F11: - | G11: - | H11: Arquitetura de projetos GERDAU | I11: =MIN(I12,I18,I140,I45) -> 45689 | J11: =MAX(J12,J18,J140,J45) -> 46014 | K11: =MIN(K12,K18,K140,K45) -> 45689 | L11: =MAX(L12,L18,L140,L45) -> 46014 | N11: {=_xlfn.IFS(L11<$M$3,"Concluído",AND(K11>=$M$3,I11<$M$3,L11>$M$3),"Em andamento",AND(L11>=$M$3,J11<$M$3),"Atrasado",AND(L11>=$M$3,J11>=$M$3,I11>$M$3,K11<=$M$3),"Em andamento",AND(L11>=$M$3,J11>=$M$3,I11<=$M$3,K11<=$M$3),"Em andamento",AND(K11>$M$3,I11>$M$3),"Não iniciado",AND(L11>=$M$3,J11>=$M$3,K11>=$M$3,I11<$M$3),"Atrasado",AND(L11>=$M$3,J11>=$M$3,K11>=$M$3,I11>$M$3),"Não iniciado",AND($I11<=$M$3,$K11>$M$3),"Atrasado")} -> Concluído | O11: {=_xlfn.IFS(N11="Não iniciado",0,N11="Em andamento",1,N11="Concluído",2,N11="Atrasado",3)} -> 2 | Q11: =0.1*Q18+0.75*Q45+0.15*Q140 -> 1 | R11: =0.1*R18+0.75*R45+0.15*R140 -> 1 | S11: =0.1*S18+0.75*S45+0.15*S140 -> #REF! | T11: =0.1*T18+0.75*T45+0.15*T140 -> #REF! | U11: =0.1*U18+0.75*U45+0.15*U140 -> #REF! | V11: =0.1*V18+0.75*V45+0.15*V140 -> #REF! | W11: =0.1*W18+0.75*W45+0.15*W140 -> #REF! | X11: =0.1*X18+0.75*X45+0.15*X140 -> #REF! | ... BN11: =0.1*BN18+0.75*BN45+0.15*BN140 -> #REF!
B12: {=_xlfn.IFS(LEN(Tab.baseline[[#This Row],[EAP]])=1,"Nível 1",LEN(Tab.baseline[[#This Row],[EAP]])=3,"Nível 2",LEN(Tab.baseline[[#This Row],[EAP]])=5,"Nível 3",LEN(Tab.baseline[[#This Row],[EAP]])=7,"Nível 4",LEN(Tab.baseline[[#This Row],[EAP]])=9,"Nível 5",LEN(Tab.baseline[[#This Row],[EAP]])=11,"Nível 6",LEN(Tab.baseline[[#This Row],[EAP]])=11,"Nível 7")} -> Nível 2 | C12: 1.1 | D12: =$H$11 -> Arquitetura de projetos GERDAU | E12: - | F12: - | G12: - | H12: Atividades Preliminares do Projeto | I12: =MIN(I13) -> 45689 | J12: =MAX(J13) -> 45694 | K12: =MIN(K13) -> 45689 | L12: =MAX(L13) -> 45694 | N12: {=_xlfn.IFS(L12<$M$3,"Concluído",AND(K12>=$M$3,I12<$M$3,L12>$M$3),"Em andamento",AND(L12>=$M$3,J12<$M$3),"Atrasado",AND(L12>=$M$3,J12>=$M$3,I12>$M$3,K12<=$M$3),"Em andamento",AND(L12>=$M$3,J12>=$M$3,I12<=$M$3,K12<=$M$3),"Em andamento",AND(K12>$M$3,I12>$M$3),"Não iniciado",AND(L12>=$M$3,J12>=$M$3,K12>=$M$3,I12<$M$3),"Atrasado",AND(L12>=$M$3,J12>=$M$3,K12>=$M$3,I12>$M$3),"Não iniciado",AND($I12<=$M$3,$K12>$M$3),"Atrasado")} -> Concluído | O12: {=_xlfn.IFS(N12="Não iniciado",0,N12="Em andamento",1,N12="Concluído",2,N12="Atrasado",3)} -> 2 | Q12: =Q13 -> 1 | R12: =R13 -> 1 | S12: =S13 -> #REF! | T12: =T13 -> #REF! | U12: =U13 -> #REF! | V12: =V13 -> #REF! | W12: =W13 -> #REF! | X12: =X13 -> #REF! | ... BN12: =BN13 -> #REF!
B13: {=_xlfn.IFS(LEN(Tab.baseline[[#This Row],[EAP]])=1,"Nível 1",LEN(Tab.baseline[[#This Row],[EAP]])=3,"Nível 2",LEN(Tab.baseline[[#This Row],[EAP]])=5,"Nível 3",LEN(Tab.baseline[[#This Row],[EAP]])=7,"Nível 4",LEN(Tab.baseline[[#This Row],[EAP]])=9,"Nível 5",LEN(Tab.baseline[[#This Row],[EAP]])=11,"Nível 6",LEN(Tab.baseline[[#This Row],[EAP]])=11,"Nível 7")} -> Nível 3 | C13: 1.1.1 | D13: =$H$11 -> Arquitetura de projetos GERDAU | E13: Atividades Preliminares do Projeto | F13: - | G13: - | H13: Atividades Preliminares do Projeto | I13: =MIN(I14) -> 45689 | J13: =MAX(J14) -> 45694 | K13: =MIN(K14) -> 45689 | L13: =MAX(L14) -> 45694 | N13: {=_xlfn.IFS(L13<$M$3,"Concluído",AND(K13>=$M$3,I13<$M$3,L13>$M$3),"Em andamento",AND(L13>=$M$3,J13<$M$3),"Atrasado",AND(L13>=$M$3,J13>=$M$3,I13>$M$3,K13<=$M$3),"Em andamento",AND(L13>=$M$3,J13>=$M$3,I13<=$M$3,K13<=$M$3),"Em andamento",AND(K13>$M$3,I13>$M$3),"Não iniciado",AND(L13>=$M$3,J13>=$M$3,K13>=$M$3,I13<$M$3),"Atrasado",AND(L13>=$M$3,J13>=$M$3,K13>=$M$3,I13>$M$3),"Não iniciado",AND($I13<=$M$3,$K13>$M$3),"Atrasado")} -> Concluído | O13: {=_xlfn.IFS(N13="Não iniciado",0,N13="Em andamento",1,N13="Concluído",2,N13="Atrasado",3)} -> 2 | Q13: =Q14 -> 1 | R13: =R14 -> 1 | S13: =S14 -> #REF! | T13: =T14 -> #REF! | U13: =U14 -> #REF! | V13: =V14 -> #REF! | W13: =W14 -> #REF! | X13: =X14 -> #REF! | ... BN13: =BN14 -> #REF!
B14: {=_xlfn.IFS(LEN(Tab.baseline[[#This Row],[EAP]])=1,"Nível 1",LEN(Tab.baseline[[#This Row],[EAP]])=3,"Nível 2",LEN(Tab.baseline[[#This Row],[EAP]])=5,"Nível 3",LEN(Tab.baseline[[#This Row],[EAP]])=7,"Nível 4",LEN(Tab.baseline[[#This Row],[EAP]])=9,"Nível 5",LEN(Tab.baseline[[#This Row],[EAP]])=11,"Nível 6",LEN(Tab.baseline[[#This Row],[EAP]])=11,"Nível 7")} -> Nível 4 | C14: 1.1.1.1 | D14: =$H$11 -> Arquitetura de projetos GERDAU | E14: Atividades Preliminares do Projeto | F14: Atividades Preliminares do Projeto | G14: - | H14: Atividades Preliminares do Projeto | I14: =MIN(I15:I16) -> 45689 | J14: =MAX(J15:J16) -> 45694 | K14: =MIN(K15:K16) -> 45689 | L14: =MAX(L15:L16) -> 45694 | N14: {=_xlfn.IFS(L14<$M$3,"Concluído",AND(K14>=$M$3,I14<$M$3,L14>$M$3),"Em andamento",AND(L14>=$M$3,J14<$M$3),"Atrasado",AND(L14>=$M$3,J14>=$M$3,I14>$M$3,K14<=$M$3),"Em andamento",AND(L14>=$M$3,J14>=$M$3,I14<=$M$3,K14<=$M$3),"Em andamento",AND(K14>$M$3,I14>$M$3),"Não iniciado",AND(L14>=$M$3,J14>=$M$3,K14>=$M$3,I14<$M$3),"Atrasado",AND(L14>=$M$3,J14>=$M$3,K14>=$M$3,I14>$M$3),"Não iniciado",AND($I14<=$M$3,$K14>$M$3),"Atrasado")} -> Concluído | O14: {=_xlfn.IFS(N14="Não iniciado",0,N14="Em andamento",1,N14="Concluído",2,N14="Atrasado",3)} -> 2 | Q14: =AVERAGE(Q15:Q17) -> 1 | R14: =AVERAGE(R15:R17) -> 1 | S14: =AVERAGE(S15:S17) -> #REF! | T14: =AVERAGE(T15:T17) -> #REF! | U14: =AVERAGE(U15:U17) -> #REF! | V14: =AVERAGE(V15:V17) -> #REF! | W14: =AVERAGE(W15:W17) -> #REF! | X14: =AVERAGE(X15:X17) -> #REF! | ... BN14: =AVERAGE(BN15:BN17) -> #REF!
B15: {=_xlfn.IFS(LEN(Tab.baseline[[#This Row],[EAP]])=1,"Nível 1",LEN(Tab.baseline[[#This Row],[EAP]])=3,"Nível 2",LEN(Tab.baseline[[#This Row],[EAP]])=5,"Nível 3",LEN(Tab.baseline[[#This Row],[EAP]])=7,"Nível 4",LEN(Tab.baseline[[#This Row],[EAP]])=9,"Nível 5",LEN(Tab.baseline[[#This Row],[EAP]])=11,"Nível 6",LEN(Tab.baseline[[#This Row],[EAP]])=11,"Nível 7")} -> Nível 5 | C15: 1.1.1.1.1 | D15: =$H$11 -> Arquitetura de projetos GERDAU | E15: Atividades Preliminares do Projeto | F15: Atividades Preliminares do Projeto | G15: Atividades Preliminares do Projeto | H15: Elaboração do Material de KickOff do projeto | I15: 45689 | J15: 45694 | K15: 45689 | L15: 45694 | N15: {=_xlfn.IFS(L15<$M$3,"Concluído",AND(K15>=$M$3,I15<$M$3,L15>$M$3),"Em andamento",AND(L15>=$M$3,J15<$M$3),"Atrasado",AND(L15>=$M$3,J15>=$M$3,I15>$M$3,K15<=$M$3),"Em andamento",AND(L15>=$M$3,J15>=$M$3,I15<=$M$3,K15<=$M$3),"Em andamento",AND(K15>$M$3,I15>$M$3),"Não iniciado",AND(L15>=$M$3,J15>=$M$3,K15>=$M$3,I15<$M$3),"Atrasado",AND(L15>=$M$3,J15>=$M$3,K15>=$M$3,I15>$M$3),"Não iniciado",AND($I15<=$M$3,$K15>$M$3),"Atrasado")} -> Concluído | O15: {=_xlfn.IFS(N15="Não iniciado",0,N15="Em andamento",1,N15="Concluído",2,N15="Atrasado",3)} -> 2 | Q15: {=_xlfn.IFS(AND($I15<$N$3,$J15<$N$3),1,AND($I15<=$N$3,$J15>=$N$3),0.5,AND($I15>=$N$3,$J15>=$N$3),0)} -> 1 | R15: {=_xlfn.IFS(AND($K15<$N$3,$L15<$N$3),1,AND($K15<=$N$3,$L15>=$N$3),0.5,AND($K15>=$N$3,$L15>=$N$3),0)} -> 1 | S15: {=_xlfn.IFS(AND($K15>R$7,$L15>R$7),0,AND($K15<=R$7,$L15<=R$7),1,AND($K15<=R$7,$L15>R$7),((R$7-$K15)/($L15-$K15)))} -> #REF! | T15: {=_xlfn.IFS(AND($K15>S$7,$L15>S$7),0,AND($K15<=S$7,$L15<=S$7),1,AND($K15<=S$7,$L15>S$7),((S$7-$K15)/($L15-$K15)))} -> #REF! | U15: {=_xlfn.IFS(AND($K15>T$7,$L15>T$7),0,AND($K15<=T$7,$L15<=T$7),1,AND($K15<=T$7,$L15>T$7),((T$7-$K15)/($L15-$K15)))} -> #REF! | V15: {=_xlfn.IFS(AND($K15>U$7,$L15>U$7),0,AND($K15<=U$7,$L15<=U$7),1,AND($K15<=U$7,$L15>U$7),((U$7-$K15)/($L15-$K15)))} -> #REF! | W15: {=_xlfn.IFS(AND($K15>V$7,$L15>V$7),0,AND($K15<=V$7,$L15<=V$7),1,AND($K15<=V$7,$L15>V$7),((V$7-$K15)/($L15-$K15)))} -> #REF! | X15: {=_xlfn.IFS(AND($K15>W$7,$L15>W$7),0,AND($K15<=W$7,$L15<=W$7),1,AND($K15<=W$7,$L15>W$7),((W$7-$K15)/($L15-$K15)))} -> #REF! | Y15: {=_xlfn.IFS(AND($K15>X$7,$L15>X$7),0,AND($K15<=X$7,$L15<=X$7),1,AND($K15<=X$7,$L15>X$7),((X$7-$K15)/($L15-$K15)))} -> #REF! | Z15: {=_xlfn.IFS(AND($K15>Y$7,$L15>Y$7),0,AND($K15<=Y$7,$L15<=Y$7),1,AND($K15<=Y$7,$L15>Y$7),((Y$7-$K15)/($L15-$K15)))} -> #REF! | ... BN15: {=_xlfn.IFS(AND($K15>BM$7,$L15>BM$7),0,AND($K15<=BM$7,$L15<=BM$7),1,AND($K15<=BM$7,$L15>BM$7),((BM$7-$K15)/($L15-$K15)))} -> #REF!
B16: {=_xlfn.IFS(LEN(Tab.baseline[[#This Row],[EAP]])=1,"Nível 1",LEN(Tab.baseline[[#This Row],[EAP]])=3,"Nível 2",LEN(Tab.baseline[[#This Row],[EAP]])=5,"Nível 3",LEN(Tab.baseline[[#This Row],[EAP]])=7,"Nível 4",LEN(Tab.baseline[[#This Row],[EAP]])=9,"Nível 5",LEN(Tab.baseline[[#This Row],[EAP]])=11,"Nível 6",LEN(Tab.baseline[[#This Row],[EAP]])=11,"Nível 7")} -> Nível 5 | C16: 1.1.1.2.2 | D16: =$H$11 -> Arquitetura de projetos GERDAU | E16: Atividades Preliminares do Projeto | F16: Atividades Preliminares do Projeto | G16: Atividades Preliminares do Projeto | H16: Realizar Kick-Off do projeto com Sponsor | I16: 45694 | J16: 45694 | K16: 45694 | L16: 45694 | N16: {=_xlfn.IFS(L16<$M$3,"Concluído",AND(K16>=$M$3,I16<$M$3,L16>$M$3),"Em andamento",AND(L16>=$M$3,J16<$M$3),"Atrasado",AND(L16>=$M$3,J16>=$M$3,I16>$M$3,K16<=$M$3),"Em andamento",AND(L16>=$M$3,J16>=$M$3,I16<=$M$3,K16<=$M$3),"Em andamento",AND(K16>$M$3,I16>$M$3),"Não iniciado",AND(L16>=$M$3,J16>=$M$3,K16>=$M$3,I16<$M$3),"Atrasado",AND(L16>=$M$3,J16>=$M$3,K16>=$M$3,I16>$M$3),"Não iniciado",AND($I16<=$M$3,$K16>$M$3),"Atrasado")} -> Concluído | O16: {=_xlfn.IFS(N16="Não iniciado",0,N16="Em andamento",1,N16="Concluído",2,N16="Atrasado",3)} -> 2 | Q16: {=_xlfn.IFS(AND($I16<$N$3,$J16<$N$3),1,AND($I16<=$N$3,$J16>=$N$3),0.5,AND($I16>=$N$3,$J16>=$N$3),0)} -> 1 | R16: {=_xlfn.IFS(AND($K16<$N$3,$L16<$N$3),1,AND($K16<=$N$3,$L16>=$N$3),0.5,AND($K16>=$N$3,$L16>=$N$3),0)} -> 1 | S16: {=_xlfn.IFS(AND($K16>R$7,$L16>R$7),0,AND($K16<=R$7,$L16<=R$7),1,AND($K16<=R$7,$L16>R$7),((R$7-$K16)/($L16-$K16)))} -> #REF! | T16: {=_xlfn.IFS(AND($K16>S$7,$L16>S$7),0,AND($K16<=S$7,$L16<=S$7),1,AND($K16<=S$7,$L16>S$7),((S$7-$K16)/($L16-$K16)))} -> #REF! | U16: {=_xlfn.IFS(AND($K16>T$7,$L16>T$7),0,AND($K16<=T$7,$L16<=T$7),1,AND($K16<=T$7,$L16>T$7),((T$7-$K16)/($L16-$K16)))} -> #REF! | V16: {=_xlfn.IFS(AND($K16>U$7,$L16>U$7),0,AND($K16<=U$7,$L16<=U$7),1,AND($K16<=U$7,$L16>U$7),((U$7-$K16)/($L16-$K16)))} -> #REF! | W16: {=_xlfn.IFS(AND($K16>V$7,$L16>V$7),0,AND($K16<=V$7,$L16<=V$7),1,AND($K16<=V$7,$L16>V$7),((V$7-$K16)/($L16-$K16)))} -> #REF! | X16: {=_xlfn.IFS(AND($K16>W$7,$L16>W$7),0,AND($K16<=W$7,$L16<=W$7),1,AND($K16<=W$7,$L16>W$7),((W$7-$K16)/($L16-$K16)))} -> #REF! | Y16: {=_xlfn.IFS(AND($K16>X$7,$L16>X$7),0,AND($K16<=X$7,$L16<=X$7),1,AND($K16<=X$7,$L16>X$7),((X$7-$K16)/($L16-$K16)))} -> #REF! | Z16: {=_xlfn.IFS(AND($K16>Y$7,$L16>Y$7),0,AND($K16<=Y$7,$L16<=Y$7),1,AND($K16<=Y$7,$L16>Y$7),((Y$7-$K16)/($L16-$K16)))} -> #REF! | ... BN16: {=_xlfn.IFS(AND($K16>BM$7,$L16>BM$7),0,AND($K16<=BM$7,$L16<=BM$7),1,AND($K16<=BM$7,$L16>BM$7),((BM$7-$K16)/($L16-$K16)))} -> #REF!
B17: {=_xlfn.IFS(LEN(Tab.baseline[[#This Row],[EAP]])=1,"Nível 1",LEN(Tab.baseline[[#This Row],[EAP]])=3,"Nível 2",LEN(Tab.baseline[[#This Row],[EAP]])=5,"Nível 3",LEN(Tab.baseline[[#This Row],[EAP]])=7,"Nível 4",LEN(Tab.baseline[[#This Row],[EAP]])=9,"Nível 5",LEN(Tab.baseline[[#This Row],[EAP]])=11,"Nível 6",LEN(Tab.baseline[[#This Row],[EAP]])=11,"Nível 7")} -> Nível 5 | C17: 1.1.1.2.3 | D17: =$H$11 -> Arquitetura de projetos GERDAU | E17: Atividades Preliminares do Projeto | F17: Atividades Preliminares do Projeto | G17: Atividades Preliminares do Projeto | H17: Realização do PIM para mobilização | I17: 45700 | J17: 45702 | K17: 45700 | L17: 45702 | N17: {=_xlfn.IFS(L17<$M$3,"Concluído",AND(K17>=$M$3,I17<$M$3,L17>$M$3),"Em andamento",AND(L17>=$M$3,J17<$M$3),"Atrasado",AND(L17>=$M$3,J17>=$M$3,I17>$M$3,K17<=$M$3),"Em andamento",AND(L17>=$M$3,J17>=$M$3,I17<=$M$3,K17<=$M$3),"Em andamento",AND(K17>$M$3,I17>$M$3),"Não iniciado",AND(L17>=$M$3,J17>=$M$3,K17>=$M$3,I17<$M$3),"Atrasado",AND(L17>=$M$3,J17>=$M$3,K17>=$M$3,I17>$M$3),"Não iniciado",AND($I17<=$M$3,$K17>$M$3),"Atrasado")} -> Concluído | O17: {=_xlfn.IFS(N17="Não iniciado",0,N17="Em andamento",1,N17="Concluído",2,N17="Atrasado",3)} -> 2 | Q17: {=_xlfn.IFS(AND($I17<$N$3,$J17<$N$3),1,AND($I17<=$N$3,$J17>=$N$3),0.5,AND($I17>=$N$3,$J17>=$N$3),0)} -> 1 | R17: {=_xlfn.IFS(AND($K17<$N$3,$L17<$N$3),1,AND($K17<=$N$3,$L17>=$N$3),0.5,AND($K17>=$N$3,$L17>=$N$3),0)} -> 1 | S17: {=_xlfn.IFS(AND($K17>R$7,$L17>R$7),0,AND($K17<=R$7,$L17<=R$7),1,AND($K17<=R$7,$L17>R$7),((R$7-$K17)/($L17-$K17)))} -> #REF! | T17: {=_xlfn.IFS(AND($K17>S$7,$L17>S$7),0,AND($K17<=S$7,$L17<=S$7),1,AND($K17<=S$7,$L17>S$7),((S$7-$K17)/($L17-$K17)))} -> #REF! | U17: {=_xlfn.IFS(AND($K17>T$7,$L17>T$7),0,AND($K17<=T$7,$L17<=T$7),1,AND($K17<=T$7,$L17>T$7),((T$7-$K17)/($L17-$K17)))} -> #REF! | V17: {=_xlfn.IFS(AND($K17>U$7,$L17>U$7),0,AND($K17<=U$7,$L17<=U$7),1,AND($K17<=U$7,$L17>U$7),((U$7-$K17)/($L17-$K17)))} -> #REF! | W17: {=_xlfn.IFS(AND($K17>V$7,$L17>V$7),0,AND($K17<=V$7,$L17<=V$7),1,AND($K17<=V$7,$L17>V$7),((V$7-$K17)/($L17-$K17)))} -> #REF! | X17: {=_xlfn.IFS(AND($K17>W$7,$L17>W$7),0,AND($K17<=W$7,$L17<=W$7),1,AND($K17<=W$7,$L17>W$7),((W$7-$K17)/($L17-$K17)))} -> #REF! | Y17: {=_xlfn.IFS(AND($K17>X$7,$L17>X$7),0,AND($K17<=X$7,$L17<=X$7),1,AND($K17<=X$7,$L17>X$7),((X$7-$K17)/($L17-$K17)))} -> #REF! | Z17: {=_xlfn.IFS(AND($K17>Y$7,$L17>Y$7),0,AND($K17<=Y$7,$L17<=Y$7),1,AND($K17<=Y$7,$L17>Y$7),((Y$7-$K17)/($L17-$K17)))} -> #REF! | ... BN17: {=_xlfn.IFS(AND($K17>BM$7,$L17>BM$7),0,AND($K17<=BM$7,$L17<=BM$7),1,AND($K17<=BM$7,$L17>BM$7),((BM$7-$K17)/($L17-$K17)))} -> #REF!
B18: {=_xlfn.IFS(LEN(Tab.baseline[[#This Row],[EAP]])=1,"Nível 1",LEN(Tab.baseline[[#This Row],[EAP]])=3,"Nível 2",LEN(Tab.baseline[[#This Row],[EAP]])=5,"Nível 3",LEN(Tab.baseline[[#This Row],[EAP]])=7,"Nível 4",LEN(Tab.baseline[[#This Row],[EAP]])=9,"Nível 5",LEN(Tab.baseline[[#This Row],[EAP]])=11,"Nível 6",LEN(Tab.baseline[[#This Row],[EAP]])=11,"Nível 7")} -> Nível 2 | C18: 1.2 | D18: =$H$11 -> Arquitetura de projetos GERDAU | E18: - | F18: - | G18: - | H18: Definição da Estratégia para Transformação dos Processos | I18: =MIN(I19,I26,I40) -> 45705 | J18: =MIN(J19,J26,J40) -> 45715 | K18: =MIN(K19,K26,K40) -> 45705 | L18: =MIN(L19,L26,L40) -> 45715 | N18: {=_xlfn.IFS(L18<$M$3,"Concluído",AND(K18>=$M$3,I18<$M$3,L18>$M$3),"Em andamento",AND(L18>=$M$3,J18<$M$3),"Atrasado",AND(L18>=$M$3,J18>=$M$3,I18>$M$3,K18<=$M$3),"Em andamento",AND(L18>=$M$3,J18>=$M$3,I18<=$M$3,K18<=$M$3),"Em andamento",AND(K18>$M$3,I18>$M$3),"Não iniciado",AND(L18>=$M$3,J18>=$M$3,K18>=$M$3,I18<$M$3),"Atrasado",AND(L18>=$M$3,J18>=$M$3,K18>=$M$3,I18>$M$3),"Não iniciado",AND($I18<=$M$3,$K18>$M$3),"Atrasado")} -> Concluído | O18: {=_xlfn.IFS(N18="Não iniciado",0,N18="Em andamento",1,N18="Concluído",2,N18="Atrasado",3)} -> 2 | Q18: =AVERAGE(Q19,Q26,Q40) -> 1 | R18: =AVERAGE(R19,R26,R40) -> 1 | S18: =AVERAGE(S19,S26,S40) -> #REF! | T18: =AVERAGE(T19,T26,T40) -> #REF! | U18: =AVERAGE(U19,U26,U40) -> #REF! | V18: =AVERAGE(V19,V26,V40) -> #REF! | W18: =AVERAGE(W19,W26,W40) -> #REF! | X18: =AVERAGE(X19,X26,X40) -> #REF! | ... BN18: =AVERAGE(BN19,BN26,BN40) -> #REF!
B19: {=_xlfn.IFS(LEN(Tab.baseline[[#This Row],[EAP]])=1,"Nível 1",LEN(Tab.baseline[[#This Row],[EAP]])=3,"Nível 2",LEN(Tab.baseline[[#This Row],[EAP]])=5,"Nível 3",LEN(Tab.baseline[[#This Row],[EAP]])=7,"Nível 4",LEN(Tab.baseline[[#This Row],[EAP]])=9,"Nível 5",LEN(Tab.baseline[[#This Row],[EAP]])=11,"Nível 6",LEN(Tab.baseline[[#This Row],[EAP]])=11,"Nível 7")} -> Nível 3 | C19: 1.2.1 | D19: =$H$11 -> Arquitetura de projetos GERDAU | E19: =$H$18 -> Definição da Estratégia para Transformação dos Processos | F19: - | G19: - | H19: Revisão dos Objetivos Estratégicos e Cadeia de Valor | I19: =MIN(I21:I21) -> 45705 | J19: =MAX(J21:J21) -> 45715 | K19: =MIN(K21:K21) -> 45705 | L19: =MAX(L21:L21) -> 45715 | N19: {=_xlfn.IFS(L19<$M$3,"Concluído",AND(K19>=$M$3,I19<$M$3,L19>$M$3),"Em andamento",AND(L19>=$M$3,J19<$M$3),"Atrasado",AND(L19>=$M$3,J19>=$M$3,I19>$M$3,K19<=$M$3),"Em andamento",AND(L19>=$M$3,J19>=$M$3,I19<=$M$3,K19<=$M$3),"Em andamento",AND(K19>$M$3,I19>$M$3),"Não iniciado",AND(L19>=$M$3,J19>=$M$3,K19>=$M$3,I19<$M$3),"Atrasado",AND(L19>=$M$3,J19>=$M$3,K19>=$M$3,I19>$M$3),"Não iniciado",AND($I19<=$M$3,$K19>$M$3),"Atrasado")} -> Concluído | O19: {=_xlfn.IFS(N19="Não iniciado",0,N19="Em andamento",1,N19="Concluído",2,N19="Atrasado",3)} -> 2 | Q19: =AVERAGE(Q20,Q22,Q24) -> 1 | R19: =AVERAGE(R20,R22,R24) -> 1 | S19: =AVERAGE(S20,S22,S24) -> #REF! | T19: =AVERAGE(T20,T22,T24) -> #REF! | U19: =AVERAGE(U20,U22,U24) -> #REF! | V19: =AVERAGE(V20,V22,V24) -> #REF! | W19: =AVERAGE(W20,W22,W24) -> #REF! | X19: =AVERAGE(X20,X22,X24) -> #REF! | ... BN19: =AVERAGE(BN20,BN22,BN24) -> #REF!
B20: {=_xlfn.IFS(LEN(Tab.baseline[[#This Row],[EAP]])=1,"Nível 1",LEN(Tab.baseline[[#This Row],[EAP]])=3,"Nível 2",LEN(Tab.baseline[[#This Row],[EAP]])=5,"Nível 3",LEN(Tab.baseline[[#This Row],[EAP]])=7,"Nível 4",LEN(Tab.baseline[[#This Row],[EAP]])=9,"Nível 5",LEN(Tab.baseline[[#This Row],[EAP]])=11,"Nível 6",LEN(Tab.baseline[[#This Row],[EAP]])=11,"Nível 7")} -> Nível 4 | C20: 1.2.1.1 | D20: =$H$11 -> Arquitetura de projetos GERDAU | E20: =$H$18 -> Definição da Estratégia para Transformação dos Processos | F20: =$H$19 -> Revisão dos Objetivos Estratégicos e Cadeia de Valor | G20: - | H20: Revisão dos objetivos estratégicos da Gerência | I20: =MIN(I21:I21) -> 45705 | J20: =MAX(J21:J21) -> 45715 | K20: =MIN(K21:K21) -> 45705 | L20: =MAX(L21:L21) -> 45715 | N20: {=_xlfn.IFS(L20<$M$3,"Concluído",AND(K20>=$M$3,I20<$M$3,L20>$M$3),"Em andamento",AND(L20>=$M$3,J20<$M$3),"Atrasado",AND(L20>=$M$3,J20>=$M$3,I20>$M$3,K20<=$M$3),"Em andamento",AND(L20>=$M$3,J20>=$M$3,I20<=$M$3,K20<=$M$3),"Em andamento",AND(K20>$M$3,I20>$M$3),"Não iniciado",AND(L20>=$M$3,J20>=$M$3,K20>=$M$3,I20<$M$3),"Atrasado",AND(L20>=$M$3,J20>=$M$3,K20>=$M$3,I20>$M$3),"Não iniciado",AND($I20<=$M$3,$K20>$M$3),"Atrasado")} -> Concluído | O20: {=_xlfn.IFS(N20="Não iniciado",0,N20="Em andamento",1,N20="Concluído",2,N20="Atrasado",3)} -> 2 | Q20: =AVERAGE(Q21:Q21) -> 1 | R20: =AVERAGE(R21:R21) -> 1 | S20: =S21 -> #REF! | T20: =T21 -> #REF! | U20: =U21 -> #REF! | V20: =V21 -> #REF! | W20: =W21 -> #REF! | X20: =X21 -> #REF! | Y20: =Y21 -> #REF! | Z20: =Z21 -> #REF! | ... BN20: =BN21 -> #REF!
B21: {=_xlfn.IFS(LEN(Tab.baseline[[#This Row],[EAP]])=1,"Nível 1",LEN(Tab.baseline[[#This Row],[EAP]])=3,"Nível 2",LEN(Tab.baseline[[#This Row],[EAP]])=5,"Nível 3",LEN(Tab.baseline[[#This Row],[EAP]])=7,"Nível 4",LEN(Tab.baseline[[#This Row],[EAP]])=9,"Nível 5",LEN(Tab.baseline[[#This Row],[EAP]])=11,"Nível 6",LEN(Tab.baseline[[#This Row],[EAP]])=11,"Nível 7")} -> Nível 5 | C21: 1.2.1.1.1 | D21: =$H$11 -> Arquitetura de projetos GERDAU | E21: =$H$18 -> Definição da Estratégia para Transformação dos Processos | F21: =$H$19 -> Revisão dos Objetivos Estratégicos e Cadeia de Valor | G21: =H20 -> Revisão dos objetivos estratégicos da Gerência | H21: Revisão dos objetivos estratégicos da Gerência | I21: 45705 | J21: 45715 | K21: 45705 | L21: 45715 | N21: {=_xlfn.IFS(L21<$M$3,"Concluído",AND(K21>=$M$3,I21<$M$3,L21>$M$3),"Em andamento",AND(L21>=$M$3,J21<$M$3),"Atrasado",AND(L21>=$M$3,J21>=$M$3,I21>$M$3,K21<=$M$3),"Em andamento",AND(L21>=$M$3,J21>=$M$3,I21<=$M$3,K21<=$M$3),"Em andamento",AND(K21>$M$3,I21>$M$3),"Não iniciado",AND(L21>=$M$3,J21>=$M$3,K21>=$M$3,I21<$M$3),"Atrasado",AND(L21>=$M$3,J21>=$M$3,K21>=$M$3,I21>$M$3),"Não iniciado",AND($I21<=$M$3,$K21>$M$3),"Atrasado")} -> Concluído | O21: {=_xlfn.IFS(N21="Não iniciado",0,N21="Em andamento",1,N21="Concluído",2,N21="Atrasado",3)} -> 2 | Q21: {=_xlfn.IFS(AND($I21<$N$3,$J21<$N$3),1,AND($I21<=$N$3,$J21>=$N$3),0.5,AND($I21>=$N$3,$J21>=$N$3),0)} -> 1 | R21: {=_xlfn.IFS(AND($K21<$N$3,$L21<$N$3),1,AND($K21<=$N$3,$L21>=$N$3),0.5,AND($K21>=$N$3,$L21>=$N$3),0)} -> 1 | S21: {=_xlfn.IFS(AND($K21>R$7,$L21>R$7),0,AND($K21<=R$7,$L21<=R$7),1,AND($K21<=R$7,$L21>R$7),((R$7-$K21)/($L21-$K21)))} -> #REF! | T21: {=_xlfn.IFS(AND($K21>S$7,$L21>S$7),0,AND($K21<=S$7,$L21<=S$7),1,AND($K21<=S$7,$L21>S$7),((S$7-$K21)/($L21-$K21)))} -> #REF! | U21: {=_xlfn.IFS(AND($K21>T$7,$L21>T$7),0,AND($K21<=T$7,$L21<=T$7),1,AND($K21<=T$7,$L21>T$7),((T$7-$K21)/($L21-$K21)))} -> #REF! | V21: {=_xlfn.IFS(AND($K21>U$7,$L21>U$7),0,AND($K21<=U$7,$L21<=U$7),1,AND($K21<=U$7,$L21>U$7),((U$7-$K21)/($L21-$K21)))} -> #REF! | W21: {=_xlfn.IFS(AND($K21>V$7,$L21>V$7),0,AND($K21<=V$7,$L21<=V$7),1,AND($K21<=V$7,$L21>V$7),((V$7-$K21)/($L21-$K21)))} -> #REF! | X21: {=_xlfn.IFS(AND($K21>W$7,$L21>W$7),0,AND($K21<=W$7,$L21<=W$7),1,AND($K21<=W$7,$L21>W$7),((W$7-$K21)/($L21-$K21)))} -> #REF! | Y21: {=_xlfn.IFS(AND($K21>X$7,$L21>X$7),0,AND($K21<=X$7,$L21<=X$7),1,AND($K21<=X$7,$L21>X$7),((X$7-$K21)/($L21-$K21)))} -> #REF! | Z21: {=_xlfn.IFS(AND($K21>Y$7,$L21>Y$7),0,AND($K21<=Y$7,$L21<=Y$7),1,AND($K21<=Y$7,$L21>Y$7),((Y$7-$K21)/($L21-$K21)))} -> #REF! | ... BN21: {=_xlfn.IFS(AND($K21>BM$7,$L21>BM$7),0,AND($K21<=BM$7,$L21<=BM$7),1,AND($K21<=BM$7,$L21>BM$7),((BM$7-$K21)/($L21-$K21)))} -> #REF!
B22: {=_xlfn.IFS(LEN(Tab.baseline[[#This Row],[EAP]])=1,"Nível 1",LEN(Tab.baseline[[#This Row],[EAP]])=3,"Nível 2",LEN(Tab.baseline[[#This Row],[EAP]])=5,"Nível 3",LEN(Tab.baseline[[#This Row],[EAP]])=7,"Nível 4",LEN(Tab.baseline[[#This Row],[EAP]])=9,"Nível 5",LEN(Tab.baseline[[#This Row],[EAP]])=11,"Nível 6",LEN(Tab.baseline[[#This Row],[EAP]])=11,"Nível 7")} -> Nível 4 | C22: 1.2.1.2 | D22: =$H$11 -> Arquitetura de projetos GERDAU | E22: =$H$18 -> Definição da Estratégia para Transformação dos Processos | F22: =$H$19 -> Revisão dos Objetivos Estratégicos e Cadeia de Valor | G22: Atividades Preliminares da Frente | H22: Revisão da cadeia de valor dos processos | I22: =MIN(I23:I23) -> 45705 | J22: =MAX(J23:J23) -> 45715 | K22: =MIN(K23:K23) -> 45705 | L22: =MAX(L23:L23) -> 45715 | N22: {=_xlfn.IFS(L22<$M$3,"Concluído",AND(K22>=$M$3,I22<$M$3,L22>$M$3),"Em andamento",AND(L22>=$M$3,J22<$M$3),"Atrasado",AND(L22>=$M$3,J22>=$M$3,I22>$M$3,K22<=$M$3),"Em andamento",AND(L22>=$M$3,J22>=$M$3,I22<=$M$3,K22<=$M$3),"Em andamento",AND(K22>$M$3,I22>$M$3),"Não iniciado",AND(L22>=$M$3,J22>=$M$3,K22>=$M$3,I22<$M$3),"Atrasado",AND(L22>=$M$3,J22>=$M$3,K22>=$M$3,I22>$M$3),"Não iniciado",AND($I22<=$M$3,$K22>$M$3),"Atrasado")} -> Concluído | O22: {=_xlfn.IFS(N22="Não iniciado",0,N22="Em andamento",1,N22="Concluído",2,N22="Atrasado",3)} -> 2 | Q22: =Q23 -> 1 | R22: =R23 -> 1 | S22: =S23 -> #REF! | T22: =T23 -> #REF! | U22: =U23 -> #REF! | V22: =V23 -> #REF! | W22: =W23 -> #REF! | X22: =X23 -> #REF! | ... BN22: =BN23 -> #REF!
B23: {=_xlfn.IFS(LEN(Tab.baseline[[#This Row],[EAP]])=1,"Nível 1",LEN(Tab.baseline[[#This Row],[EAP]])=3,"Nível 2",LEN(Tab.baseline[[#This Row],[EAP]])=5,"Nível 3",LEN(Tab.baseline[[#This Row],[EAP]])=7,"Nível 4",LEN(Tab.baseline[[#This Row],[EAP]])=9,"Nível 5",LEN(Tab.baseline[[#This Row],[EAP]])=11,"Nível 6",LEN(Tab.baseline[[#This Row],[EAP]])=11,"Nível 7")} -> Nível 5 | C23: 1.2.1.2.1 | D23: =$H$11 -> Arquitetura de projetos GERDAU | E23: =$H$18 -> Definição da Estratégia para Transformação dos Processos | F23: =$H$19 -> Revisão dos Objetivos Estratégicos e Cadeia de Valor | G23: =H22 -> Revisão da cadeia de valor dos processos | H23: Revisão da cadeia de valor dos processos | I23: 45705 | J23: 45715 | K23: 45705 | L23: 45715 | N23: {=_xlfn.IFS(L23<$M$3,"Concluído",AND(K23>=$M$3,I23<$M$3,L23>$M$3),"Em andamento",AND(L23>=$M$3,J23<$M$3),"Atrasado",AND(L23>=$M$3,J23>=$M$3,I23>$M$3,K23<=$M$3),"Em andamento",AND(L23>=$M$3,J23>=$M$3,I23<=$M$3,K23<=$M$3),"Em andamento",AND(K23>$M$3,I23>$M$3),"Não iniciado",AND(L23>=$M$3,J23>=$M$3,K23>=$M$3,I23<$M$3),"Atrasado",AND(L23>=$M$3,J23>=$M$3,K23>=$M$3,I23>$M$3),"Não iniciado",AND($I23<=$M$3,$K23>$M$3),"Atrasado")} -> Concluído | O23: {=_xlfn.IFS(N23="Não iniciado",0,N23="Em andamento",1,N23="Concluído",2,N23="Atrasado",3)} -> 2 | Q23: {=_xlfn.IFS(AND($I23<$N$3,$J23<$N$3),1,AND($I23<=$N$3,$J23>=$N$3),0.5,AND($I23>=$N$3,$J23>=$N$3),0)} -> 1 | R23: {=_xlfn.IFS(AND($K23<$N$3,$L23<$N$3),1,AND($K23<=$N$3,$L23>=$N$3),0.5,AND($K23>=$N$3,$L23>=$N$3),0)} -> 1 | S23: {=_xlfn.IFS(AND($K23>R$7,$L23>R$7),0,AND($K23<=R$7,$L23<=R$7),1,AND($K23<=R$7,$L23>R$7),((R$7-$K23)/($L23-$K23)))} -> #REF! | T23: {=_xlfn.IFS(AND($K23>S$7,$L23>S$7),0,AND($K23<=S$7,$L23<=S$7),1,AND($K23<=S$7,$L23>S$7),((S$7-$K23)/($L23-$K23)))} -> #REF! | U23: {=_xlfn.IFS(AND($K23>T$7,$L23>T$7),0,AND($K23<=T$7,$L23<=T$7),1,AND($K23<=T$7,$L23>T$7),((T$7-$K23)/($L23-$K23)))} -> #REF! | V23: {=_xlfn.IFS(AND($K23>U$7,$L23>U$7),0,AND($K23<=U$7,$L23<=U$7),1,AND($K23<=U$7,$L23>U$7),((U$7-$K23)/($L23-$K23)))} -> #REF! | W23: {=_xlfn.IFS(AND($K23>V$7,$L23>V$7),0,AND($K23<=V$7,$L23<=V$7),1,AND($K23<=V$7,$L23>V$7),((V$7-$K23)/($L23-$K23)))} -> #REF! | X23: {=_xlfn.IFS(AND($K23>W$7,$L23>W$7),0,AND($K23<=W$7,$L23<=W$7),1,AND($K23<=W$7,$L23>W$7),((W$7-$K23)/($L23-$K23)))} -> #REF! | Y23: {=_xlfn.IFS(AND($K23>X$7,$L23>X$7),0,AND($K23<=X$7,$L23<=X$7),1,AND($K23<=X$7,$L23>X$7),((X$7-$K23)/($L23-$K23)))} -> #REF! | Z23: {=_xlfn.IFS(AND($K23>Y$7,$L23>Y$7),0,AND($K23<=Y$7,$L23<=Y$7),1,AND($K23<=Y$7,$L23>Y$7),((Y$7-$K23)/($L23-$K23)))} -> #REF! | ... BN23: {=_xlfn.IFS(AND($K23>BM$7,$L23>BM$7),0,AND($K23<=BM$7,$L23<=BM$7),1,AND($K23<=BM$7,$L23>BM$7),((BM$7-$K23)/($L23-$K23)))} -> #REF!
B24: {=_xlfn.IFS(LEN(Tab.baseline[[#This Row],[EAP]])=1,"Nível 1",LEN(Tab.baseline[[#This Row],[EAP]])=3,"Nível 2",LEN(Tab.baseline[[#This Row],[EAP]])=5,"Nível 3",LEN(Tab.baseline[[#This Row],[EAP]])=7,"Nível 4",LEN(Tab.baseline[[#This Row],[EAP]])=9,"Nível 5",LEN(Tab.baseline[[#This Row],[EAP]])=11,"Nível 6",LEN(Tab.baseline[[#This Row],[EAP]])=11,"Nível 7")} -> Nível 4 | C24: 1.2.1.3 | D24: =$H$11 -> Arquitetura de projetos GERDAU | E24: =$H$18 -> Definição da Estratégia para Transformação dos Processos | F24: =$H$19 -> Revisão dos Objetivos Estratégicos e Cadeia de Valor | G24: Atividades Preliminares da Frente | H24: Definição dos principais direcionadores estratégicos para transformação de processos | I24: =MIN(I25:I25) -> 45705 | J24: =MAX(J25:J25) -> 45708 | K24: =MIN(K25:K25) -> 45705 | L24: =MAX(L25:L25) -> 45708 | N24: {=_xlfn.IFS(L24<$M$3,"Concluído",AND(K24>=$M$3,I24<$M$3,L24>$M$3),"Em andamento",AND(L24>=$M$3,J24<$M$3),"Atrasado",AND(L24>=$M$3,J24>=$M$3,I24>$M$3,K24<=$M$3),"Em andamento",AND(L24>=$M$3,J24>=$M$3,I24<=$M$3,K24<=$M$3),"Em andamento",AND(K24>$M$3,I24>$M$3),"Não iniciado",AND(L24>=$M$3,J24>=$M$3,K24>=$M$3,I24<$M$3),"Atrasado",AND(L24>=$M$3,J24>=$M$3,K24>=$M$3,I24>$M$3),"Não iniciado",AND($I24<=$M$3,$K24>$M$3),"Atrasado")} -> Concluído | O24: {=_xlfn.IFS(N24="Não iniciado",0,N24="Em andamento",1,N24="Concluído",2,N24="Atrasado",3)} -> 2 | Q24: =Q25 -> 1 | R24: =R25 -> 1 | S24: =S25 -> #REF! | T24: =T25 -> #REF! | U24: =U25 -> #REF! | V24: =V25 -> #REF! | W24: =W25 -> #REF! | X24: =X25 -> #REF! | ... BN24: =BN25 -> #REF!
B25: {=_xlfn.IFS(LEN(Tab.baseline[[#This Row],[EAP]])=1,"Nível 1",LEN(Tab.baseline[[#This Row],[EAP]])=3,"Nível 2",LEN(Tab.baseline[[#This Row],[EAP]])=5,"Nível 3",LEN(Tab.baseline[[#This Row],[EAP]])=7,"Nível 4",LEN(Tab.baseline[[#This Row],[EAP]])=9,"Nível 5",LEN(Tab.baseline[[#This Row],[EAP]])=11,"Nível 6",LEN(Tab.baseline[[#This Row],[EAP]])=11,"Nível 7")} -> Nível 5 | C25: 1.2.1.3.1 | D25: =$H$11 -> Arquitetura de projetos GERDAU | E25: =$H$18 -> Definição da Estratégia para Transformação dos Processos | F25: =$H$19 -> Revisão dos Objetivos Estratégicos e Cadeia de Valor | G25: =H24 -> Definição dos principais direcionadores estratégicos para transformação de processos | H25: Definição dos principais direcionadores estratégicos para transformação de processos | I25: 45705 | J25: 45708 | K25: 45705 | L25: 45708 | N25: {=_xlfn.IFS(L25<$M$3,"Concluído",AND(K25>=$M$3,I25<$M$3,L25>$M$3),"Em andamento",AND(L25>=$M$3,J25<$M$3),"Atrasado",AND(L25>=$M$3,J25>=$M$3,I25>$M$3,K25<=$M$3),"Em andamento",AND(L25>=$M$3,J25>=$M$3,I25<=$M$3,K25<=$M$3),"Em andamento",AND(K25>$M$3,I25>$M$3),"Não iniciado",AND(L25>=$M$3,J25>=$M$3,K25>=$M$3,I25<$M$3),"Atrasado",AND(L25>=$M$3,J25>=$M$3,K25>=$M$3,I25>$M$3),"Não iniciado",AND($I25<=$M$3,$K25>$M$3),"Atrasado")} -> Concluído | O25: {=_xlfn.IFS(N25="Não iniciado",0,N25="Em andamento",1,N25="Concluído",2,N25="Atrasado",3)} -> 2 | Q25: {=_xlfn.IFS(AND($I25<$N$3,$J25<$N$3),1,AND($I25<=$N$3,$J25>=$N$3),0.5,AND($I25>=$N$3,$J25>=$N$3),0)} -> 1 | R25: {=_xlfn.IFS(AND($K25<$N$3,$L25<$N$3),1,AND($K25<=$N$3,$L25>=$N$3),0.5,AND($K25>=$N$3,$L25>=$N$3),0)} -> 1 | S25: {=_xlfn.IFS(AND($K25>R$7,$L25>R$7),0,AND($K25<=R$7,$L25<=R$7),1,AND($K25<=R$7,$L25>R$7),((R$7-$K25)/($L25-$K25)))} -> #REF! | T25: {=_xlfn.IFS(AND($K25>S$7,$L25>S$7),0,AND($K25<=S$7,$L25<=S$7),1,AND($K25<=S$7,$L25>S$7),((S$7-$K25)/($L25-$K25)))} -> #REF! | U25: {=_xlfn.IFS(AND($K25>T$7,$L25>T$7),0,AND($K25<=T$7,$L25<=T$7),1,AND($K25<=T$7,$L25>T$7),((T$7-$K25)/($L25-$K25)))} -> #REF! | V25: {=_xlfn.IFS(AND($K25>U$7,$L25>U$7),0,AND($K25<=U$7,$L25<=U$7),1,AND($K25<=U$7,$L25>U$7),((U$7-$K25)/($L25-$K25)))} -> #REF! | W25: {=_xlfn.IFS(AND($K25>V$7,$L25>V$7),0,AND($K25<=V$7,$L25<=V$7),1,AND($K25<=V$7,$L25>V$7),((V$7-$K25)/($L25-$K25)))} -> #REF! | X25: {=_xlfn.IFS(AND($K25>W$7,$L25>W$7),0,AND($K25<=W$7,$L25<=W$7),1,AND($K25<=W$7,$L25>W$7),((W$7-$K25)/($L25-$K25)))} -> #REF! | Y25: {=_xlfn.IFS(AND($K25>X$7,$L25>X$7),0,AND($K25<=X$7,$L25<=X$7),1,AND($K25<=X$7,$L25>X$7),((X$7-$K25)/($L25-$K25)))} -> #REF! | Z25: {=_xlfn.IFS(AND($K25>Y$7,$L25>Y$7),0,AND($K25<=Y$7,$L25<=Y$7),1,AND($K25<=Y$7,$L25>Y$7),((Y$7-$K25)/($L25-$K25)))} -> #REF! | ... BN25: {=_xlfn.IFS(AND($K25>BM$7,$L25>BM$7),0,AND($K25<=BM$7,$L25<=BM$7),1,AND($K25<=BM$7,$L25>BM$7),((BM$7-$K25)/($L25-$K25)))} -> #REF!
B26: {=_xlfn.IFS(LEN(Tab.baseline[[#This Row],[EAP]])=1,"Nível 1",LEN(Tab.baseline[[#This Row],[EAP]])=3,"Nível 2",LEN(Tab.baseline[[#This Row],[EAP]])=5,"Nível 3",LEN(Tab.baseline[[#This Row],[EAP]])=7,"Nível 4",LEN(Tab.baseline[[#This Row],[EAP]])=9,"Nível 5",LEN(Tab.baseline[[#This Row],[EAP]])=11,"Nível 6",LEN(Tab.baseline[[#This Row],[EAP]])=11,"Nível 7")} -> Nível 3 | C26: 1.2.2 | D26: =$H$11 -> Arquitetura de projetos GERDAU | E26: =$H$18 -> Definição da Estratégia para Transformação dos Processos | F26: - | G26: - | H26: Entendimento Inicial dos Processos | I26: =MIN(I27:I44) -> 45705 | J26: =MAX(J27:J44) -> 45729 | K26: =MIN(K27:K44) -> 45705 | L26: =MAX(L27:L44) -> 45727 | N26: {=_xlfn.IFS(L26<$M$3,"Concluído",AND(K26>=$M$3,I26<$M$3,L26>$M$3),"Em andamento",AND(L26>=$M$3,J26<$M$3),"Atrasado",AND(L26>=$M$3,J26>=$M$3,I26>$M$3,K26<=$M$3),"Em andamento",AND(L26>=$M$3,J26>=$M$3,I26<=$M$3,K26<=$M$3),"Em andamento",AND(K26>$M$3,I26>$M$3),"Não iniciado",AND(L26>=$M$3,J26>=$M$3,K26>=$M$3,I26<$M$3),"Atrasado",AND(L26>=$M$3,J26>=$M$3,K26>=$M$3,I26>$M$3),"Não iniciado",AND($I26<=$M$3,$K26>$M$3),"Atrasado")} -> Concluído | O26: {=_xlfn.IFS(N26="Não iniciado",0,N26="Em andamento",1,N26="Concluído",2,N26="Atrasado",3)} -> 2 | Q26: =AVERAGE(Q27,Q36,Q38) -> 1 | R26: =AVERAGE(R27,R36,R38) -> 1 | S26: =AVERAGE(S27,S36,S38) -> #REF! | T26: =AVERAGE(T27,T36,T38) -> #REF! | U26: =AVERAGE(U27,U36,U38) -> #REF! | V26: =AVERAGE(V27,V36,V38) -> #REF! | W26: =AVERAGE(W27,W36,W38) -> #REF! | X26: =AVERAGE(X27,X36,X38) -> #REF! | ... BN26: =AVERAGE(BN27,BN36,BN38) -> #REF!
B27: {=_xlfn.IFS(LEN(Tab.baseline[[#This Row],[EAP]])=1,"Nível 1",LEN(Tab.baseline[[#This Row],[EAP]])=3,"Nível 2",LEN(Tab.baseline[[#This Row],[EAP]])=5,"Nível 3",LEN(Tab.baseline[[#This Row],[EAP]])=7,"Nível 4",LEN(Tab.baseline[[#This Row],[EAP]])=9,"Nível 5",LEN(Tab.baseline[[#This Row],[EAP]])=11,"Nível 6",LEN(Tab.baseline[[#This Row],[EAP]])=11,"Nível 7")} -> Nível 4 | C27: 1.2.2.1 | D27: =$H$11 -> Arquitetura de projetos GERDAU | E27: =$H$18 -> Definição da Estratégia para Transformação dos Processos | F27: =$H$26 -> Entendimento Inicial dos Processos | G27: - | H27: Levantamento e categorização dos processos existentes | I27: =MIN(I28) -> 45706 | J27: =MAX(J28:J35) -> 45715 | K27: =MIN(K28) -> 45706 | L27: =MAX(L28:L35) -> 45722 | N27: {=_xlfn.IFS(L27<$M$3,"Concluído",AND(K27>=$M$3,I27<$M$3,L27>$M$3),"Em andamento",AND(L27>=$M$3,J27<$M$3),"Atrasado",AND(L27>=$M$3,J27>=$M$3,I27>$M$3,K27<=$M$3),"Em andamento",AND(L27>=$M$3,J27>=$M$3,I27<=$M$3,K27<=$M$3),"Em andamento",AND(K27>$M$3,I27>$M$3),"Não iniciado",AND(L27>=$M$3,J27>=$M$3,K27>=$M$3,I27<$M$3),"Atrasado",AND(L27>=$M$3,J27>=$M$3,K27>=$M$3,I27>$M$3),"Não iniciado",AND($I27<=$M$3,$K27>$M$3),"Atrasado")} -> Concluído | O27: {=_xlfn.IFS(N27="Não iniciado",0,N27="Em andamento",1,N27="Concluído",2,N27="Atrasado",3)} -> 2 | Q27: =AVERAGE(Q28:Q34) -> 1 | R27: =AVERAGE(R28:R28) -> 1 | S27: =AVERAGE(S28:S35) -> #REF! | T27: =AVERAGE(T28:T35) -> #REF! | U27: =AVERAGE(U28:U35) -> #REF! | V27: =AVERAGE(V28:V35) -> #REF! | W27: =AVERAGE(W28:W35) -> #REF! | X27: =AVERAGE(X28:X35) -> #REF! | Y27: =AVERAGE(Y28:Y35) -> #REF! | Z27: =AVERAGE(Z28:Z35) -> #REF! | ... BN27: =AVERAGE(BN28:BN35) -> #REF!
B28: {=_xlfn.IFS(LEN(Tab.baseline[[#This Row],[EAP]])=1,"Nível 1",LEN(Tab.baseline[[#This Row],[EAP]])=3,"Nível 2",LEN(Tab.baseline[[#This Row],[EAP]])=5,"Nível 3",LEN(Tab.baseline[[#This Row],[EAP]])=7,"Nível 4",LEN(Tab.baseline[[#This Row],[EAP]])=9,"Nível 5",LEN(Tab.baseline[[#This Row],[EAP]])=11,"Nível 6",LEN(Tab.baseline[[#This Row],[EAP]])=11,"Nível 7")} -> Nível 5 | C28: 1.2.2.1.1 | D28: =$H$11 -> Arquitetura de projetos GERDAU | E28: =$H$18 -> Definição da Estratégia para Transformação dos Processos | F28: =$H$26 -> Entendimento Inicial dos Processos | G28: =$H$27 -> Levantamento e categorização dos processos existentes | H28: Realizar entrevista | Pilhas de rejeitos | I28: 45706 | J28: 45708 | K28: 45706 | L28: 45708 | N28: {=_xlfn.IFS(L28<$M$3,"Concluído",AND(K28>=$M$3,I28<$M$3,L28>$M$3),"Em andamento",AND(L28>=$M$3,J28<$M$3),"Atrasado",AND(L28>=$M$3,J28>=$M$3,I28>$M$3,K28<=$M$3),"Em andamento",AND(L28>=$M$3,J28>=$M$3,I28<=$M$3,K28<=$M$3),"Em andamento",AND(K28>$M$3,I28>$M$3),"Não iniciado",AND(L28>=$M$3,J28>=$M$3,K28>=$M$3,I28<$M$3),"Atrasado",AND(L28>=$M$3,J28>=$M$3,K28>=$M$3,I28>$M$3),"Não iniciado",AND($I28<=$M$3,$K28>$M$3),"Atrasado")} -> Concluído | O28: {=_xlfn.IFS(N28="Não iniciado",0,N28="Em andamento",1,N28="Concluído",2,N28="Atrasado",3)} -> 2 | Q28: {=_xlfn.IFS(AND($I28<$N$3,$J28<$N$3),1,AND($I28<=$N$3,$J28>=$N$3),0.5,AND($I28>=$N$3,$J28>=$N$3),0)} -> 1 | R28: {=_xlfn.IFS(AND($K28<$N$3,$L28<$N$3),1,AND($K28<=$N$3,$L28>=$N$3),0.5,AND($K28>=$N$3,$L28>=$N$3),0)} -> 1 | S28: {=_xlfn.IFS(AND($K28>R$7,$L28>R$7),0,AND($K28<=R$7,$L28<=R$7),1,AND($K28<=R$7,$L28>R$7),((R$7-$K28)/($L28-$K28)))} -> #REF! | T28: {=_xlfn.IFS(AND($K28>S$7,$L28>S$7),0,AND($K28<=S$7,$L28<=S$7),1,AND($K28<=S$7,$L28>S$7),((S$7-$K28)/($L28-$K28)))} -> #REF! | U28: {=_xlfn.IFS(AND($K28>T$7,$L28>T$7),0,AND($K28<=T$7,$L28<=T$7),1,AND($K28<=T$7,$L28>T$7),((T$7-$K28)/($L28-$K28)))} -> #REF! | V28: {=_xlfn.IFS(AND($K28>U$7,$L28>U$7),0,AND($K28<=U$7,$L28<=U$7),1,AND($K28<=U$7,$L28>U$7),((U$7-$K28)/($L28-$K28)))} -> #REF! | W28: {=_xlfn.IFS(AND($K28>V$7,$L28>V$7),0,AND($K28<=V$7,$L28<=V$7),1,AND($K28<=V$7,$L28>V$7),((V$7-$K28)/($L28-$K28)))} -> #REF! | X28: {=_xlfn.IFS(AND($K28>W$7,$L28>W$7),0,AND($K28<=W$7,$L28<=W$7),1,AND($K28<=W$7,$L28>W$7),((W$7-$K28)/($L28-$K28)))} -> #REF! | Y28: {=_xlfn.IFS(AND($K28>X$7,$L28>X$7),0,AND($K28<=X$7,$L28<=X$7),1,AND($K28<=X$7,$L28>X$7),((X$7-$K28)/($L28-$K28)))} -> #REF! | Z28: {=_xlfn.IFS(AND($K28>Y$7,$L28>Y$7),0,AND($K28<=Y$7,$L28<=Y$7),1,AND($K28<=Y$7,$L28>Y$7),((Y$7-$K28)/($L28-$K28)))} -> #REF! | ... BN28: {=_xlfn.IFS(AND($K28>BM$7,$L28>BM$7),0,AND($K28<=BM$7,$L28<=BM$7),1,AND($K28<=BM$7,$L28>BM$7),((BM$7-$K28)/($L28-$K28)))} -> #REF!
B29: {=_xlfn.IFS(LEN(Tab.baseline[[#This Row],[EAP]])=1,"Nível 1",LEN(Tab.baseline[[#This Row],[EAP]])=3,"Nível 2",LEN(Tab.baseline[[#This Row],[EAP]])=5,"Nível 3",LEN(Tab.baseline[[#This Row],[EAP]])=7,"Nível 4",LEN(Tab.baseline[[#This Row],[EAP]])=9,"Nível 5",LEN(Tab.baseline[[#This Row],[EAP]])=11,"Nível 6",LEN(Tab.baseline[[#This Row],[EAP]])=11,"Nível 7")} -> Nível 5 | C29: 1.2.2.1.2 | D29: =$H$11 -> Arquitetura de projetos GERDAU | E29: =$H$18 -> Definição da Estratégia para Transformação dos Processos | F29: =$H$26 -> Entendimento Inicial dos Processos | G29: =$H$27 -> Levantamento e categorização dos processos existentes | H29: Realizar entrevista | Hidrogeologia | I29: 45714 | J29: 45714 | K29: 45714 | L29: 45714 | N29: {=_xlfn.IFS(L29<$M$3,"Concluído",AND(K29>=$M$3,I29<$M$3,L29>$M$3),"Em andamento",AND(L29>=$M$3,J29<$M$3),"Atrasado",AND(L29>=$M$3,J29>=$M$3,I29>$M$3,K29<=$M$3),"Em andamento",AND(L29>=$M$3,J29>=$M$3,I29<=$M$3,K29<=$M$3),"Em andamento",AND(K29>$M$3,I29>$M$3),"Não iniciado",AND(L29>=$M$3,J29>=$M$3,K29>=$M$3,I29<$M$3),"Atrasado",AND(L29>=$M$3,J29>=$M$3,K29>=$M$3,I29>$M$3),"Não iniciado",AND($I29<=$M$3,$K29>$M$3),"Atrasado")} -> Concluído | O29: {=_xlfn.IFS(N29="Não iniciado",0,N29="Em andamento",1,N29="Concluído",2,N29="Atrasado",3)} -> 2 | Q29: {=_xlfn.IFS(AND($I29<$N$3,$J29<$N$3),1,AND($I29<=$N$3,$J29>=$N$3),0.5,AND($I29>=$N$3,$J29>=$N$3),0)} -> 1 | R29: {=_xlfn.IFS(AND($K29<$N$3,$L29<$N$3),1,AND($K29<=$N$3,$L29>=$N$3),0.5,AND($K29>=$N$3,$L29>=$N$3),0)} -> 1 | S29: {=_xlfn.IFS(AND($K29>R$7,$L29>R$7),0,AND($K29<=R$7,$L29<=R$7),1,AND($K29<=R$7,$L29>R$7),((R$7-$K29)/($L29-$K29)))} -> #REF! | T29: {=_xlfn.IFS(AND($K29>S$7,$L29>S$7),0,AND($K29<=S$7,$L29<=S$7),1,AND($K29<=S$7,$L29>S$7),((S$7-$K29)/($L29-$K29)))} -> #REF! | U29: {=_xlfn.IFS(AND($K29>T$7,$L29>T$7),0,AND($K29<=T$7,$L29<=T$7),1,AND($K29<=T$7,$L29>T$7),((T$7-$K29)/($L29-$K29)))} -> #REF! | V29: {=_xlfn.IFS(AND($K29>U$7,$L29>U$7),0,AND($K29<=U$7,$L29<=U$7),1,AND($K29<=U$7,$L29>U$7),((U$7-$K29)/($L29-$K29)))} -> #REF! | W29: {=_xlfn.IFS(AND($K29>V$7,$L29>V$7),0,AND($K29<=V$7,$L29<=V$7),1,AND($K29<=V$7,$L29>V$7),((V$7-$K29)/($L29-$K29)))} -> #REF! | X29: {=_xlfn.IFS(AND($K29>W$7,$L29>W$7),0,AND($K29<=W$7,$L29<=W$7),1,AND($K29<=W$7,$L29>W$7),((W$7-$K29)/($L29-$K29)))} -> #REF! | Y29: {=_xlfn.IFS(AND($K29>X$7,$L29>X$7),0,AND($K29<=X$7,$L29<=X$7),1,AND($K29<=X$7,$L29>X$7),((X$7-$K29)/($L29-$K29)))} -> #REF! | Z29: {=_xlfn.IFS(AND($K29>Y$7,$L29>Y$7),0,AND($K29<=Y$7,$L29<=Y$7),1,AND($K29<=Y$7,$L29>Y$7),((Y$7-$K29)/($L29-$K29)))} -> #REF! | ... BN29: {=_xlfn.IFS(AND($K29>BM$7,$L29>BM$7),0,AND($K29<=BM$7,$L29<=BM$7),1,AND($K29<=BM$7,$L29>BM$7),((BM$7-$K29)/($L29-$K29)))} -> #REF!
B30: {=_xlfn.IFS(LEN(Tab.baseline[[#This Row],[EAP]])=1,"Nível 1",LEN(Tab.baseline[[#This Row],[EAP]])=3,"Nível 2",LEN(Tab.baseline[[#This Row],[EAP]])=5,"Nível 3",LEN(Tab.baseline[[#This Row],[EAP]])=7,"Nível 4",LEN(Tab.baseline[[#This Row],[EAP]])=9,"Nível 5",LEN(Tab.baseline[[#This Row],[EAP]])=11,"Nível 6",LEN(Tab.baseline[[#This Row],[EAP]])=11,"Nível 7")} -> Nível 5 | C30: 1.2.2.1.3 | D30: =$H$11 -> Arquitetura de projetos GERDAU | E30: =$H$18 -> Definição da Estratégia para Transformação dos Processos | F30: =$H$26 -> Entendimento Inicial dos Processos | G30: =$H$27 -> Levantamento e categorização dos processos existentes | H30: Realizar entrevista | CMG | I30: 45715 | J30: 45715 | K30: 45715 | L30: 45715 | N30: {=_xlfn.IFS(L30<$M$3,"Concluído",AND(K30>=$M$3,I30<$M$3,L30>$M$3),"Em andamento",AND(L30>=$M$3,J30<$M$3),"Atrasado",AND(L30>=$M$3,J30>=$M$3,I30>$M$3,K30<=$M$3),"Em andamento",AND(L30>=$M$3,J30>=$M$3,I30<=$M$3,K30<=$M$3),"Em andamento",AND(K30>$M$3,I30>$M$3),"Não iniciado",AND(L30>=$M$3,J30>=$M$3,K30>=$M$3,I30<$M$3),"Atrasado",AND(L30>=$M$3,J30>=$M$3,K30>=$M$3,I30>$M$3),"Não iniciado",AND($I30<=$M$3,$K30>$M$3),"Atrasado")} -> Concluído | O30: {=_xlfn.IFS(N30="Não iniciado",0,N30="Em andamento",1,N30="Concluído",2,N30="Atrasado",3)} -> 2 | Q30: {=_xlfn.IFS(AND($I30<$N$3,$J30<$N$3),1,AND($I30<=$N$3,$J30>=$N$3),0.5,AND($I30>=$N$3,$J30>=$N$3),0)} -> 1 | R30: {=_xlfn.IFS(AND($K30<$N$3,$L30<$N$3),1,AND($K30<=$N$3,$L30>=$N$3),0.5,AND($K30>=$N$3,$L30>=$N$3),0)} -> 1 | S30: {=_xlfn.IFS(AND($K30>R$7,$L30>R$7),0,AND($K30<=R$7,$L30<=R$7),1,AND($K30<=R$7,$L30>R$7),((R$7-$K30)/($L30-$K30)))} -> #REF! | T30: {=_xlfn.IFS(AND($K30>S$7,$L30>S$7),0,AND($K30<=S$7,$L30<=S$7),1,AND($K30<=S$7,$L30>S$7),((S$7-$K30)/($L30-$K30)))} -> #REF! | U30: {=_xlfn.IFS(AND($K30>T$7,$L30>T$7),0,AND($K30<=T$7,$L30<=T$7),1,AND($K30<=T$7,$L30>T$7),((T$7-$K30)/($L30-$K30)))} -> #REF! | V30: {=_xlfn.IFS(AND($K30>U$7,$L30>U$7),0,AND($K30<=U$7,$L30<=U$7),1,AND($K30<=U$7,$L30>U$7),((U$7-$K30)/($L30-$K30)))} -> #REF! | W30: {=_xlfn.IFS(AND($K30>V$7,$L30>V$7),0,AND($K30<=V$7,$L30<=V$7),1,AND($K30<=V$7,$L30>V$7),((V$7-$K30)/($L30-$K30)))} -> #REF! | X30: {=_xlfn.IFS(AND($K30>W$7,$L30>W$7),0,AND($K30<=W$7,$L30<=W$7),1,AND($K30<=W$7,$L30>W$7),((W$7-$K30)/($L30-$K30)))} -> #REF! | Y30: {=_xlfn.IFS(AND($K30>X$7,$L30>X$7),0,AND($K30<=X$7,$L30<=X$7),1,AND($K30<=X$7,$L30>X$7),((X$7-$K30)/($L30-$K30)))} -> #REF! | Z30: {=_xlfn.IFS(AND($K30>Y$7,$L30>Y$7),0,AND($K30<=Y$7,$L30<=Y$7),1,AND($K30<=Y$7,$L30>Y$7),((Y$7-$K30)/($L30-$K30)))} -> #REF! | ... BN30: {=_xlfn.IFS(AND($K30>BM$7,$L30>BM$7),0,AND($K30<=BM$7,$L30<=BM$7),1,AND($K30<=BM$7,$L30>BM$7),((BM$7-$K30)/($L30-$K30)))} -> #REF!
B31: {=_xlfn.IFS(LEN(Tab.baseline[[#This Row],[EAP]])=1,"Nível 1",LEN(Tab.baseline[[#This Row],[EAP]])=3,"Nível 2",LEN(Tab.baseline[[#This Row],[EAP]])=5,"Nível 3",LEN(Tab.baseline[[#This Row],[EAP]])=7,"Nível 4",LEN(Tab.baseline[[#This Row],[EAP]])=9,"Nível 5",LEN(Tab.baseline[[#This Row],[EAP]])=11,"Nível 6",LEN(Tab.baseline[[#This Row],[EAP]])=11,"Nível 7")} -> Nível 5 | C31: 1.2.2.1.4 | D31: =$H$11 -> Arquitetura de projetos GERDAU | E31: =$H$18 -> Definição da Estratégia para Transformação dos Processos | F31: =$H$26 -> Entendimento Inicial dos Processos | G31: =$H$27 -> Levantamento e categorização dos processos existentes | H31: Realizar entrevista | Regulatório, Governança e Controle | I31: 45713 | J31: 45713 | K31: 45713 | L31: 45713 | N31: {=_xlfn.IFS(L31<$M$3,"Concluído",AND(K31>=$M$3,I31<$M$3,L31>$M$3),"Em andamento",AND(L31>=$M$3,J31<$M$3),"Atrasado",AND(L31>=$M$3,J31>=$M$3,I31>$M$3,K31<=$M$3),"Em andamento",AND(L31>=$M$3,J31>=$M$3,I31<=$M$3,K31<=$M$3),"Em andamento",AND(K31>$M$3,I31>$M$3),"Não iniciado",AND(L31>=$M$3,J31>=$M$3,K31>=$M$3,I31<$M$3),"Atrasado",AND(L31>=$M$3,J31>=$M$3,K31>=$M$3,I31>$M$3),"Não iniciado",AND($I31<=$M$3,$K31>$M$3),"Atrasado")} -> Concluído | O31: {=_xlfn.IFS(N31="Não iniciado",0,N31="Em andamento",1,N31="Concluído",2,N31="Atrasado",3)} -> 2 | Q31: {=_xlfn.IFS(AND($I31<$N$3,$J31<$N$3),1,AND($I31<=$N$3,$J31>=$N$3),0.5,AND($I31>=$N$3,$J31>=$N$3),0)} -> 1 | R31: {=_xlfn.IFS(AND($K31<$N$3,$L31<$N$3),1,AND($K31<=$N$3,$L31>=$N$3),0.5,AND($K31>=$N$3,$L31>=$N$3),0)} -> 1 | S31: {=_xlfn.IFS(AND($K31>R$7,$L31>R$7),0,AND($K31<=R$7,$L31<=R$7),1,AND($K31<=R$7,$L31>R$7),((R$7-$K31)/($L31-$K31)))} -> #REF! | T31: {=_xlfn.IFS(AND($K31>S$7,$L31>S$7),0,AND($K31<=S$7,$L31<=S$7),1,AND($K31<=S$7,$L31>S$7),((S$7-$K31)/($L31-$K31)))} -> #REF! | U31: {=_xlfn.IFS(AND($K31>T$7,$L31>T$7),0,AND($K31<=T$7,$L31<=T$7),1,AND($K31<=T$7,$L31>T$7),((T$7-$K31)/($L31-$K31)))} -> #REF! | V31: {=_xlfn.IFS(AND($K31>U$7,$L31>U$7),0,AND($K31<=U$7,$L31<=U$7),1,AND($K31<=U$7,$L31>U$7),((U$7-$K31)/($L31-$K31)))} -> #REF! | W31: {=_xlfn.IFS(AND($K31>V$7,$L31>V$7),0,AND($K31<=V$7,$L31<=V$7),1,AND($K31<=V$7,$L31>V$7),((V$7-$K31)/($L31-$K31)))} -> #REF! | X31: {=_xlfn.IFS(AND($K31>W$7,$L31>W$7),0,AND($K31<=W$7,$L31<=W$7),1,AND($K31<=W$7,$L31>W$7),((W$7-$K31)/($L31-$K31)))} -> #REF! | Y31: {=_xlfn.IFS(AND($K31>X$7,$L31>X$7),0,AND($K31<=X$7,$L31<=X$7),1,AND($K31<=X$7,$L31>X$7),((X$7-$K31)/($L31-$K31)))} -> #REF! | Z31: {=_xlfn.IFS(AND($K31>Y$7,$L31>Y$7),0,AND($K31<=Y$7,$L31<=Y$7),1,AND($K31<=Y$7,$L31>Y$7),((Y$7-$K31)/($L31-$K31)))} -> #REF! | ... BN31: {=_xlfn.IFS(AND($K31>BM$7,$L31>BM$7),0,AND($K31<=BM$7,$L31<=BM$7),1,AND($K31<=BM$7,$L31>BM$7),((BM$7-$K31)/($L31-$K31)))} -> #REF!
B32: {=_xlfn.IFS(LEN(Tab.baseline[[#This Row],[EAP]])=1,"Nível 1",LEN(Tab.baseline[[#This Row],[EAP]])=3,"Nível 2",LEN(Tab.baseline[[#This Row],[EAP]])=5,"Nível 3",LEN(Tab.baseline[[#This Row],[EAP]])=7,"Nível 4",LEN(Tab.baseline[[#This Row],[EAP]])=9,"Nível 5",LEN(Tab.baseline[[#This Row],[EAP]])=11,"Nível 6",LEN(Tab.baseline[[#This Row],[EAP]])=11,"Nível 7")} -> Nível 5 | C32: 1.2.2.1.5 | D32: =$H$11 -> Arquitetura de projetos GERDAU | E32: =$H$18 -> Definição da Estratégia para Transformação dos Processos | F32: =$H$26 -> Entendimento Inicial dos Processos | G32: =$H$27 -> Levantamento e categorização dos processos existentes | H32: Realizar entrevista | Barragens | I32: 45715 | J32: 45715 | K32: 45715 | L32: 45715 | N32: {=_xlfn.IFS(L32<$M$3,"Concluído",AND(K32>=$M$3,I32<$M$3,L32>$M$3),"Em andamento",AND(L32>=$M$3,J32<$M$3),"Atrasado",AND(L32>=$M$3,J32>=$M$3,I32>$M$3,K32<=$M$3),"Em andamento",AND(L32>=$M$3,J32>=$M$3,I32<=$M$3,K32<=$M$3),"Em andamento",AND(K32>$M$3,I32>$M$3),"Não iniciado",AND(L32>=$M$3,J32>=$M$3,K32>=$M$3,I32<$M$3),"Atrasado",AND(L32>=$M$3,J32>=$M$3,K32>=$M$3,I32>$M$3),"Não iniciado",AND($I32<=$M$3,$K32>$M$3),"Atrasado")} -> Concluído | O32: {=_xlfn.IFS(N32="Não iniciado",0,N32="Em andamento",1,N32="Concluído",2,N32="Atrasado",3)} -> 2 | Q32: {=_xlfn.IFS(AND($I32<$N$3,$J32<$N$3),1,AND($I32<=$N$3,$J32>=$N$3),0.5,AND($I32>=$N$3,$J32>=$N$3),0)} -> 1 | R32: {=_xlfn.IFS(AND($K32<$N$3,$L32<$N$3),1,AND($K32<=$N$3,$L32>=$N$3),0.5,AND($K32>=$N$3,$L32>=$N$3),0)} -> 1 | S32: {=_xlfn.IFS(AND($K32>R$7,$L32>R$7),0,AND($K32<=R$7,$L32<=R$7),1,AND($K32<=R$7,$L32>R$7),((R$7-$K32)/($L32-$K32)))} -> #REF! | T32: {=_xlfn.IFS(AND($K32>S$7,$L32>S$7),0,AND($K32<=S$7,$L32<=S$7),1,AND($K32<=S$7,$L32>S$7),((S$7-$K32)/($L32-$K32)))} -> #REF! | U32: {=_xlfn.IFS(AND($K32>T$7,$L32>T$7),0,AND($K32<=T$7,$L32<=T$7),1,AND($K32<=T$7,$L32>T$7),((T$7-$K32)/($L32-$K32)))} -> #REF! | V32: {=_xlfn.IFS(AND($K32>U$7,$L32>U$7),0,AND($K32<=U$7,$L32<=U$7),1,AND($K32<=U$7,$L32>U$7),((U$7-$K32)/($L32-$K32)))} -> #REF! | W32: {=_xlfn.IFS(AND($K32>V$7,$L32>V$7),0,AND($K32<=V$7,$L32<=V$7),1,AND($K32<=V$7,$L32>V$7),((V$7-$K32)/($L32-$K32)))} -> #REF! | X32: {=_xlfn.IFS(AND($K32>W$7,$L32>W$7),0,AND($K32<=W$7,$L32<=W$7),1,AND($K32<=W$7,$L32>W$7),((W$7-$K32)/($L32-$K32)))} -> #REF! | Y32: {=_xlfn.IFS(AND($K32>X$7,$L32>X$7),0,AND($K32<=X$7,$L32<=X$7),1,AND($K32<=X$7,$L32>X$7),((X$7-$K32)/($L32-$K32)))} -> #REF! | Z32: {=_xlfn.IFS(AND($K32>Y$7,$L32>Y$7),0,AND($K32<=Y$7,$L32<=Y$7),1,AND($K32<=Y$7,$L32>Y$7),((Y$7-$K32)/($L32-$K32)))} -> #REF! | ... BN32: {=_xlfn.IFS(AND($K32>BM$7,$L32>BM$7),0,AND($K32<=BM$7,$L32<=BM$7),1,AND($K32<=BM$7,$L32>BM$7),((BM$7-$K32)/($L32-$K32)))} -> #REF!
B33: {=_xlfn.IFS(LEN(Tab.baseline[[#This Row],[EAP]])=1,"Nível 1",LEN(Tab.baseline[[#This Row],[EAP]])=3,"Nível 2",LEN(Tab.baseline[[#This Row],[EAP]])=5,"Nível 3",LEN(Tab.baseline[[#This Row],[EAP]])=7,"Nível 4",LEN(Tab.baseline[[#This Row],[EAP]])=9,"Nível 5",LEN(Tab.baseline[[#This Row],[EAP]])=11,"Nível 6",LEN(Tab.baseline[[#This Row],[EAP]])=11,"Nível 7")} -> Nível 5 | C33: 1.2.2.1.6 | D33: =$H$11 -> Arquitetura de projetos GERDAU | E33: =$H$18 -> Definição da Estratégia para Transformação dos Processos | F33: =$H$26 -> Entendimento Inicial dos Processos | G33: =$H$27 -> Levantamento e categorização dos processos existentes | H33: Realizar entrevista | Financeiro | I33: 45713 | J33: 45713 | K33: 45713 | L33: 45713 | N33: {=_xlfn.IFS(L33<$M$3,"Concluído",AND(K33>=$M$3,I33<$M$3,L33>$M$3),"Em andamento",AND(L33>=$M$3,J33<$M$3),"Atrasado",AND(L33>=$M$3,J33>=$M$3,I33>$M$3,K33<=$M$3),"Em andamento",AND(L33>=$M$3,J33>=$M$3,I33<=$M$3,K33<=$M$3),"Em andamento",AND(K33>$M$3,I33>$M$3),"Não iniciado",AND(L33>=$M$3,J33>=$M$3,K33>=$M$3,I33<$M$3),"Atrasado",AND(L33>=$M$3,J33>=$M$3,K33>=$M$3,I33>$M$3),"Não iniciado",AND($I33<=$M$3,$K33>$M$3),"Atrasado")} -> Concluído | O33: {=_xlfn.IFS(N33="Não iniciado",0,N33="Em andamento",1,N33="Concluído",2,N33="Atrasado",3)} -> 2 | Q33: {=_xlfn.IFS(AND($I33<$N$3,$J33<$N$3),1,AND($I33<=$N$3,$J33>=$N$3),0.5,AND($I33>=$N$3,$J33>=$N$3),0)} -> 1 | R33: {=_xlfn.IFS(AND($K33<$N$3,$L33<$N$3),1,AND($K33<=$N$3,$L33>=$N$3),0.5,AND($K33>=$N$3,$L33>=$N$3),0)} -> 1 | S33: {=_xlfn.IFS(AND($K33>R$7,$L33>R$7),0,AND($K33<=R$7,$L33<=R$7),1,AND($K33<=R$7,$L33>R$7),((R$7-$K33)/($L33-$K33)))} -> #REF! | T33: {=_xlfn.IFS(AND($K33>S$7,$L33>S$7),0,AND($K33<=S$7,$L33<=S$7),1,AND($K33<=S$7,$L33>S$7),((S$7-$K33)/($L33-$K33)))} -> #REF! | U33: {=_xlfn.IFS(AND($K33>T$7,$L33>T$7),0,AND($K33<=T$7,$L33<=T$7),1,AND($K33<=T$7,$L33>T$7),((T$7-$K33)/($L33-$K33)))} -> #REF! | V33: {=_xlfn.IFS(AND($K33>U$7,$L33>U$7),0,AND($K33<=U$7,$L33<=U$7),1,AND($K33<=U$7,$L33>U$7),((U$7-$K33)/($L33-$K33)))} -> #REF! | W33: {=_xlfn.IFS(AND($K33>V$7,$L33>V$7),0,AND($K33<=V$7,$L33<=V$7),1,AND($K33<=V$7,$L33>V$7),((V$7-$K33)/($L33-$K33)))} -> #REF! | X33: {=_xlfn.IFS(AND($K33>W$7,$L33>W$7),0,AND($K33<=W$7,$L33<=W$7),1,AND($K33<=W$7,$L33>W$7),((W$7-$K33)/($L33-$K33)))} -> #REF! | Y33: {=_xlfn.IFS(AND($K33>X$7,$L33>X$7),0,AND($K33<=X$7,$L33<=X$7),1,AND($K33<=X$7,$L33>X$7),((X$7-$K33)/($L33-$K33)))} -> #REF! | Z33: {=_xlfn.IFS(AND($K33>Y$7,$L33>Y$7),0,AND($K33<=Y$7,$L33<=Y$7),1,AND($K33<=Y$7,$L33>Y$7),((Y$7-$K33)/($L33-$K33)))} -> #REF! | ... BN33: {=_xlfn.IFS(AND($K33>BM$7,$L33>BM$7),0,AND($K33<=BM$7,$L33<=BM$7),1,AND($K33<=BM$7,$L33>BM$7),((BM$7-$K33)/($L33-$K33)))} -> #REF!
B34: {=_xlfn.IFS(LEN(Tab.baseline[[#This Row],[EAP]])=1,"Nível 1",LEN(Tab.baseline[[#This Row],[EAP]])=3,"Nível 2",LEN(Tab.baseline[[#This Row],[EAP]])=5,"Nível 3",LEN(Tab.baseline[[#This Row],[EAP]])=7,"Nível 4",LEN(Tab.baseline[[#This Row],[EAP]])=9,"Nível 5",LEN(Tab.baseline[[#This Row],[EAP]])=11,"Nível 6",LEN(Tab.baseline[[#This Row],[EAP]])=11,"Nível 7")} -> Nível 5 | C34: 1.2.2.1.7 | D34: =$H$11 -> Arquitetura de projetos GERDAU | E34: =$H$18 -> Definição da Estratégia para Transformação dos Processos | F34: =$H$26 -> Entendimento Inicial dos Processos | G34: =$H$27 -> Levantamento e categorização dos processos existentes | H34: Realizar entrevista | Pilhas de estéril | I34: 45715 | J34: 45715 | K34: 45715 | L34: 45715 | N34: {=_xlfn.IFS(L34<$M$3,"Concluído",AND(K34>=$M$3,I34<$M$3,L34>$M$3),"Em andamento",AND(L34>=$M$3,J34<$M$3),"Atrasado",AND(L34>=$M$3,J34>=$M$3,I34>$M$3,K34<=$M$3),"Em andamento",AND(L34>=$M$3,J34>=$M$3,I34<=$M$3,K34<=$M$3),"Em andamento",AND(K34>$M$3,I34>$M$3),"Não iniciado",AND(L34>=$M$3,J34>=$M$3,K34>=$M$3,I34<$M$3),"Atrasado",AND(L34>=$M$3,J34>=$M$3,K34>=$M$3,I34>$M$3),"Não iniciado",AND($I34<=$M$3,$K34>$M$3),"Atrasado")} -> Concluído | O34: {=_xlfn.IFS(N34="Não iniciado",0,N34="Em andamento",1,N34="Concluído",2,N34="Atrasado",3)} -> 2 | Q34: {=_xlfn.IFS(AND($I34<$N$3,$J34<$N$3),1,AND($I34<=$N$3,$J34>=$N$3),0.5,AND($I34>=$N$3,$J34>=$N$3),0)} -> 1 | R34: {=_xlfn.IFS(AND($K34<$N$3,$L34<$N$3),1,AND($K34<=$N$3,$L34>=$N$3),0.5,AND($K34>=$N$3,$L34>=$N$3),0)} -> 1 | S34: {=_xlfn.IFS(AND($K34>R$7,$L34>R$7),0,AND($K34<=R$7,$L34<=R$7),1,AND($K34<=R$7,$L34>R$7),((R$7-$K34)/($L34-$K34)))} -> #REF! | T34: {=_xlfn.IFS(AND($K34>S$7,$L34>S$7),0,AND($K34<=S$7,$L34<=S$7),1,AND($K34<=S$7,$L34>S$7),((S$7-$K34)/($L34-$K34)))} -> #REF! | U34: {=_xlfn.IFS(AND($K34>T$7,$L34>T$7),0,AND($K34<=T$7,$L34<=T$7),1,AND($K34<=T$7,$L34>T$7),((T$7-$K34)/($L34-$K34)))} -> #REF! | V34: {=_xlfn.IFS(AND($K34>U$7,$L34>U$7),0,AND($K34<=U$7,$L34<=U$7),1,AND($K34<=U$7,$L34>U$7),((U$7-$K34)/($L34-$K34)))} -> #REF! | W34: {=_xlfn.IFS(AND($K34>V$7,$L34>V$7),0,AND($K34<=V$7,$L34<=V$7),1,AND($K34<=V$7,$L34>V$7),((V$7-$K34)/($L34-$K34)))} -> #REF! | X34: {=_xlfn.IFS(AND($K34>W$7,$L34>W$7),0,AND($K34<=W$7,$L34<=W$7),1,AND($K34<=W$7,$L34>W$7),((W$7-$K34)/($L34-$K34)))} -> #REF! | Y34: {=_xlfn.IFS(AND($K34>X$7,$L34>X$7),0,AND($K34<=X$7,$L34<=X$7),1,AND($K34<=X$7,$L34>X$7),((X$7-$K34)/($L34-$K34)))} -> #REF! | Z34: {=_xlfn.IFS(AND($K34>Y$7,$L34>Y$7),0,AND($K34<=Y$7,$L34<=Y$7),1,AND($K34<=Y$7,$L34>Y$7),((Y$7-$K34)/($L34-$K34)))} -> #REF! | ... BN34: {=_xlfn.IFS(AND($K34>BM$7,$L34>BM$7),0,AND($K34<=BM$7,$L34<=BM$7),1,AND($K34<=BM$7,$L34>BM$7),((BM$7-$K34)/($L34-$K34)))} -> #REF!
B35: {=_xlfn.IFS(LEN(Tab.baseline[[#This Row],[EAP]])=1,"Nível 1",LEN(Tab.baseline[[#This Row],[EAP]])=3,"Nível 2",LEN(Tab.baseline[[#This Row],[EAP]])=5,"Nível 3",LEN(Tab.baseline[[#This Row],[EAP]])=7,"Nível 4",LEN(Tab.baseline[[#This Row],[EAP]])=9,"Nível 5",LEN(Tab.baseline[[#This Row],[EAP]])=11,"Nível 6",LEN(Tab.baseline[[#This Row],[EAP]])=11,"Nível 7")} -> Nível 5 | C35: 1.2.2.1.8 | E35: =$H$18 -> Definição da Estratégia para Transformação dos Processos | F35: =$H$26 -> Entendimento Inicial dos Processos | G35: =$H$27 -> Levantamento e categorização dos processos existentes | H35: Realizar entrevista | Cavas | I35: 45715 | J35: 45715 | K35: 45720 | L35: 45722 | N35: {=_xlfn.IFS(L35<$M$3,"Concluído",AND(K35>=$M$3,I35<$M$3,L35>$M$3),"Em andamento",AND(L35>=$M$3,J35<$M$3),"Atrasado",AND(L35>=$M$3,J35>=$M$3,I35>$M$3,K35<=$M$3),"Em andamento",AND(L35>=$M$3,J35>=$M$3,I35<=$M$3,K35<=$M$3),"Em andamento",AND(K35>$M$3,I35>$M$3),"Não iniciado",AND(L35>=$M$3,J35>=$M$3,K35>=$M$3,I35<$M$3),"Atrasado",AND(L35>=$M$3,J35>=$M$3,K35>=$M$3,I35>$M$3),"Não iniciado",AND($I35<=$M$3,$K35>$M$3),"Atrasado")} -> Concluído | O35: {=_xlfn.IFS(N35="Não iniciado",0,N35="Em andamento",1,N35="Concluído",2,N35="Atrasado",3)} -> 2 | Q35: {=_xlfn.IFS(AND($I35<$N$3,$J35<$N$3),1,AND($I35<=$N$3,$J35>=$N$3),0.5,AND($I35>=$N$3,$J35>=$N$3),0)} -> 1 | R35: {=_xlfn.IFS(AND($K35<$N$3,$L35<$N$3),1,AND($K35<=$N$3,$L35>=$N$3),0.5,AND($K35>=$N$3,$L35>=$N$3),0)} -> 1 | S35: {=_xlfn.IFS(AND($K35>R$7,$L35>R$7),0,AND($K35<=R$7,$L35<=R$7),1,AND($K35<=R$7,$L35>R$7),((R$7-$K35)/($L35-$K35)))} -> #REF! | T35: {=_xlfn.IFS(AND($K35>S$7,$L35>S$7),0,AND($K35<=S$7,$L35<=S$7),1,AND($K35<=S$7,$L35>S$7),((S$7-$K35)/($L35-$K35)))} -> #REF! | U35: {=_xlfn.IFS(AND($K35>T$7,$L35>T$7),0,AND($K35<=T$7,$L35<=T$7),1,AND($K35<=T$7,$L35>T$7),((T$7-$K35)/($L35-$K35)))} -> #REF! | V35: {=_xlfn.IFS(AND($K35>U$7,$L35>U$7),0,AND($K35<=U$7,$L35<=U$7),1,AND($K35<=U$7,$L35>U$7),((U$7-$K35)/($L35-$K35)))} -> #REF! | W35: {=_xlfn.IFS(AND($K35>V$7,$L35>V$7),0,AND($K35<=V$7,$L35<=V$7),1,AND($K35<=V$7,$L35>V$7),((V$7-$K35)/($L35-$K35)))} -> #REF! | X35: {=_xlfn.IFS(AND($K35>W$7,$L35>W$7),0,AND($K35<=W$7,$L35<=W$7),1,AND($K35<=W$7,$L35>W$7),((W$7-$K35)/($L35-$K35)))} -> #REF! | Y35: {=_xlfn.IFS(AND($K35>X$7,$L35>X$7),0,AND($K35<=X$7,$L35<=X$7),1,AND($K35<=X$7,$L35>X$7),((X$7-$K35)/($L35-$K35)))} -> #REF! | Z35: {=_xlfn.IFS(AND($K35>Y$7,$L35>Y$7),0,AND($K35<=Y$7,$L35<=Y$7),1,AND($K35<=Y$7,$L35>Y$7),((Y$7-$K35)/($L35-$K35)))} -> #REF! | ... BN35: {=_xlfn.IFS(AND($K35>BM$7,$L35>BM$7),0,AND($K35<=BM$7,$L35<=BM$7),1,AND($K35<=BM$7,$L35>BM$7),((BM$7-$K35)/($L35-$K35)))} -> #REF!
B36: {=_xlfn.IFS(LEN(Tab.baseline[[#This Row],[EAP]])=1,"Nível 1",LEN(Tab.baseline[[#This Row],[EAP]])=3,"Nível 2",LEN(Tab.baseline[[#This Row],[EAP]])=5,"Nível 3",LEN(Tab.baseline[[#This Row],[EAP]])=7,"Nível 4",LEN(Tab.baseline[[#This Row],[EAP]])=9,"Nível 5",LEN(Tab.baseline[[#This Row],[EAP]])=11,"Nível 6",LEN(Tab.baseline[[#This Row],[EAP]])=11,"Nível 7")} -> Nível 4 | C36: 1.2.2.2 | D36: =$H$11 -> Arquitetura de projetos GERDAU | E36: =$H$18 -> Definição da Estratégia para Transformação dos Processos | F36: =$H$26 -> Entendimento Inicial dos Processos | G36: Estruturação do Questionário para Diagnóstico de PAEBM | H36: Identificação de Ferramentas e Sistemas | I36: =MIN(I37) -> 45705 | J36: =MAX(J37) -> 45715 | K36: =MIN(K37) -> 45705 | L36: =MAX(L37) -> 45722 | N36: {=_xlfn.IFS(L36<$M$3,"Concluído",AND(K36>=$M$3,I36<$M$3,L36>$M$3),"Em andamento",AND(L36>=$M$3,J36<$M$3),"Atrasado",AND(L36>=$M$3,J36>=$M$3,I36>$M$3,K36<=$M$3),"Em andamento",AND(L36>=$M$3,J36>=$M$3,I36<=$M$3,K36<=$M$3),"Em andamento",AND(K36>$M$3,I36>$M$3),"Não iniciado",AND(L36>=$M$3,J36>=$M$3,K36>=$M$3,I36<$M$3),"Atrasado",AND(L36>=$M$3,J36>=$M$3,K36>=$M$3,I36>$M$3),"Não iniciado",AND($I36<=$M$3,$K36>$M$3),"Atrasado")} -> Concluído | O36: {=_xlfn.IFS(N36="Não iniciado",0,N36="Em andamento",1,N36="Concluído",2,N36="Atrasado",3)} -> 2 | Q36: {=_xlfn.IFS(AND($I36<$M$3,$J36<$M$3),1,AND($I36<$M$3,$J36>=$M$3),0.5,AND($I36>=$M$3,$J36>=$M$3),0)} -> 1 | R36: {=_xlfn.IFS(AND($I36<$M$3,$J36<$M$3),1,AND($I36<$M$3,$J36>=$M$3),0.5,AND($I36>=$M$3,$J36>=$M$3),0)} -> 1 | S36: {=_xlfn.IFS(AND($K36>R$7,$L36>R$7),0,AND($K36<=R$7,$L36<=R$7),1,AND($K36<=R$7,$L36>R$7),((R$7-$K36)/($L36-$K36)))} -> #REF! | T36: {=_xlfn.IFS(AND($K36>S$7,$L36>S$7),0,AND($K36<=S$7,$L36<=S$7),1,AND($K36<=S$7,$L36>S$7),((S$7-$K36)/($L36-$K36)))} -> #REF! | U36: {=_xlfn.IFS(AND($K36>T$7,$L36>T$7),0,AND($K36<=T$7,$L36<=T$7),1,AND($K36<=T$7,$L36>T$7),((T$7-$K36)/($L36-$K36)))} -> #REF! | V36: {=_xlfn.IFS(AND($K36>U$7,$L36>U$7),0,AND($K36<=U$7,$L36<=U$7),1,AND($K36<=U$7,$L36>U$7),((U$7-$K36)/($L36-$K36)))} -> #REF! | W36: {=_xlfn.IFS(AND($K36>V$7,$L36>V$7),0,AND($K36<=V$7,$L36<=V$7),1,AND($K36<=V$7,$L36>V$7),((V$7-$K36)/($L36-$K36)))} -> #REF! | X36: {=_xlfn.IFS(AND($K36>W$7,$L36>W$7),0,AND($K36<=W$7,$L36<=W$7),1,AND($K36<=W$7,$L36>W$7),((W$7-$K36)/($L36-$K36)))} -> #REF! | Y36: {=_xlfn.IFS(AND($K36>X$7,$L36>X$7),0,AND($K36<=X$7,$L36<=X$7),1,AND($K36<=X$7,$L36>X$7),((X$7-$K36)/($L36-$K36)))} -> #REF! | Z36: {=_xlfn.IFS(AND($K36>Y$7,$L36>Y$7),0,AND($K36<=Y$7,$L36<=Y$7),1,AND($K36<=Y$7,$L36>Y$7),((Y$7-$K36)/($L36-$K36)))} -> #REF! | ... BN36: {=_xlfn.IFS(AND($K36>BM$7,$L36>BM$7),0,AND($K36<=BM$7,$L36<=BM$7),1,AND($K36<=BM$7,$L36>BM$7),((BM$7-$K36)/($L36-$K36)))} -> #REF!
B37: {=_xlfn.IFS(LEN(Tab.baseline[[#This Row],[EAP]])=1,"Nível 1",LEN(Tab.baseline[[#This Row],[EAP]])=3,"Nível 2",LEN(Tab.baseline[[#This Row],[EAP]])=5,"Nível 3",LEN(Tab.baseline[[#This Row],[EAP]])=7,"Nível 4",LEN(Tab.baseline[[#This Row],[EAP]])=9,"Nível 5",LEN(Tab.baseline[[#This Row],[EAP]])=11,"Nível 6",LEN(Tab.baseline[[#This Row],[EAP]])=11,"Nível 7")} -> Nível 5 | C37: 1.2.2.2.1 | D37: =$H$11 -> Arquitetura de projetos GERDAU | E37: =$H$18 -> Definição da Estratégia para Transformação dos Processos | F37: =$H$26 -> Entendimento Inicial dos Processos | G37: =H36 -> Identificação de Ferramentas e Sistemas | H37: Identificação de Ferramentas e Sistemas | I37: 45705 | J37: 45715 | K37: 45705 | L37: 45722 | N37: {=_xlfn.IFS(L37<$M$3,"Concluído",AND(K37>=$M$3,I37<$M$3,L37>$M$3),"Em andamento",AND(L37>=$M$3,J37<$M$3),"Atrasado",AND(L37>=$M$3,J37>=$M$3,I37>$M$3,K37<=$M$3),"Em andamento",AND(L37>=$M$3,J37>=$M$3,I37<=$M$3,K37<=$M$3),"Em andamento",AND(K37>$M$3,I37>$M$3),"Não iniciado",AND(L37>=$M$3,J37>=$M$3,K37>=$M$3,I37<$M$3),"Atrasado",AND(L37>=$M$3,J37>=$M$3,K37>=$M$3,I37>$M$3),"Não iniciado",AND($I37<=$M$3,$K37>$M$3),"Atrasado")} -> Concluído | O37: {=_xlfn.IFS(N37="Não iniciado",0,N37="Em andamento",1,N37="Concluído",2,N37="Atrasado",3)} -> 2 | Q37: {=_xlfn.IFS(AND($I37<$N$3,$J37<$N$3),1,AND($I37<=$N$3,$J37>=$N$3),0.5,AND($I37>=$N$3,$J37>=$N$3),0)} -> 1 | R37: {=_xlfn.IFS(AND($K37<$N$3,$L37<$N$3),1,AND($K37<=$N$3,$L37>=$N$3),0.5,AND($K37>=$N$3,$L37>=$N$3),0)} -> 1 | S37: {=_xlfn.IFS(AND($K37>R$7,$L37>R$7),0,AND($K37<=R$7,$L37<=R$7),1,AND($K37<=R$7,$L37>R$7),((R$7-$K37)/($L37-$K37)))} -> #REF! | T37: {=_xlfn.IFS(AND($K37>S$7,$L37>S$7),0,AND($K37<=S$7,$L37<=S$7),1,AND($K37<=S$7,$L37>S$7),((S$7-$K37)/($L37-$K37)))} -> #REF! | U37: {=_xlfn.IFS(AND($K37>T$7,$L37>T$7),0,AND($K37<=T$7,$L37<=T$7),1,AND($K37<=T$7,$L37>T$7),((T$7-$K37)/($L37-$K37)))} -> #REF! | V37: {=_xlfn.IFS(AND($K37>U$7,$L37>U$7),0,AND($K37<=U$7,$L37<=U$7),1,AND($K37<=U$7,$L37>U$7),((U$7-$K37)/($L37-$K37)))} -> #REF! | W37: {=_xlfn.IFS(AND($K37>V$7,$L37>V$7),0,AND($K37<=V$7,$L37<=V$7),1,AND($K37<=V$7,$L37>V$7),((V$7-$K37)/($L37-$K37)))} -> #REF! | X37: {=_xlfn.IFS(AND($K37>W$7,$L37>W$7),0,AND($K37<=W$7,$L37<=W$7),1,AND($K37<=W$7,$L37>W$7),((W$7-$K37)/($L37-$K37)))} -> #REF! | Y37: {=_xlfn.IFS(AND($K37>X$7,$L37>X$7),0,AND($K37<=X$7,$L37<=X$7),1,AND($K37<=X$7,$L37>X$7),((X$7-$K37)/($L37-$K37)))} -> #REF! | Z37: {=_xlfn.IFS(AND($K37>Y$7,$L37>Y$7),0,AND($K37<=Y$7,$L37<=Y$7),1,AND($K37<=Y$7,$L37>Y$7),((Y$7-$K37)/($L37-$K37)))} -> #REF! | ... BN37: {=_xlfn.IFS(AND($K37>BM$7,$L37>BM$7),0,AND($K37<=BM$7,$L37<=BM$7),1,AND($K37<=BM$7,$L37>BM$7),((BM$7-$K37)/($L37-$K37)))} -> #REF!
B38: {=_xlfn.IFS(LEN(Tab.baseline[[#This Row],[EAP]])=1,"Nível 1",LEN(Tab.baseline[[#This Row],[EAP]])=3,"Nível 2",LEN(Tab.baseline[[#This Row],[EAP]])=5,"Nível 3",LEN(Tab.baseline[[#This Row],[EAP]])=7,"Nível 4",LEN(Tab.baseline[[#This Row],[EAP]])=9,"Nível 5",LEN(Tab.baseline[[#This Row],[EAP]])=11,"Nível 6",LEN(Tab.baseline[[#This Row],[EAP]])=11,"Nível 7")} -> Nível 4 | C38: 1.2.2.3 | D38: =$H$11 -> Arquitetura de projetos GERDAU | E38: =$H$18 -> Definição da Estratégia para Transformação dos Processos | F38: =$H$26 -> Entendimento Inicial dos Processos | G38: Estruturação do Questionário para Diagnóstico de PAEBM | H38: Análise de Stakeholders | I38: =MIN(I39) -> 45705 | J38: =MAX(J39) -> 45715 | K38: =MIN(K39) -> 45705 | L38: =MAX(L39) -> 45722 | N38: {=_xlfn.IFS(L38<$M$3,"Concluído",AND(K38>=$M$3,I38<$M$3,L38>$M$3),"Em andamento",AND(L38>=$M$3,J38<$M$3),"Atrasado",AND(L38>=$M$3,J38>=$M$3,I38>$M$3,K38<=$M$3),"Em andamento",AND(L38>=$M$3,J38>=$M$3,I38<=$M$3,K38<=$M$3),"Em andamento",AND(K38>$M$3,I38>$M$3),"Não iniciado",AND(L38>=$M$3,J38>=$M$3,K38>=$M$3,I38<$M$3),"Atrasado",AND(L38>=$M$3,J38>=$M$3,K38>=$M$3,I38>$M$3),"Não iniciado",AND($I38<=$M$3,$K38>$M$3),"Atrasado")} -> Concluído | O38: {=_xlfn.IFS(N38="Não iniciado",0,N38="Em andamento",1,N38="Concluído",2,N38="Atrasado",3)} -> 2 | Q38: {=_xlfn.IFS(AND($I38<$M$3,$J38<$M$3),1,AND($I38<$M$3,$J38>=$M$3),0.5,AND($I38>=$M$3,$J38>=$M$3),0)} -> 1 | R38: {=_xlfn.IFS(AND($I38<$M$3,$J38<$M$3),1,AND($I38<$M$3,$J38>=$M$3),0.5,AND($I38>=$M$3,$J38>=$M$3),0)} -> 1 | S38: {=_xlfn.IFS(AND($K38>R$7,$L38>R$7),0,AND($K38<=R$7,$L38<=R$7),1,AND($K38<=R$7,$L38>R$7),((R$7-$K38)/($L38-$K38)))} -> #REF! | T38: {=_xlfn.IFS(AND($K38>S$7,$L38>S$7),0,AND($K38<=S$7,$L38<=S$7),1,AND($K38<=S$7,$L38>S$7),((S$7-$K38)/($L38-$K38)))} -> #REF! | U38: {=_xlfn.IFS(AND($K38>T$7,$L38>T$7),0,AND($K38<=T$7,$L38<=T$7),1,AND($K38<=T$7,$L38>T$7),((T$7-$K38)/($L38-$K38)))} -> #REF! | V38: {=_xlfn.IFS(AND($K38>U$7,$L38>U$7),0,AND($K38<=U$7,$L38<=U$7),1,AND($K38<=U$7,$L38>U$7),((U$7-$K38)/($L38-$K38)))} -> #REF! | W38: {=_xlfn.IFS(AND($K38>V$7,$L38>V$7),0,AND($K38<=V$7,$L38<=V$7),1,AND($K38<=V$7,$L38>V$7),((V$7-$K38)/($L38-$K38)))} -> #REF! | X38: {=_xlfn.IFS(AND($K38>W$7,$L38>W$7),0,AND($K38<=W$7,$L38<=W$7),1,AND($K38<=W$7,$L38>W$7),((W$7-$K38)/($L38-$K38)))} -> #REF! | Y38: {=_xlfn.IFS(AND($K38>X$7,$L38>X$7),0,AND($K38<=X$7,$L38<=X$7),1,AND($K38<=X$7,$L38>X$7),((X$7-$K38)/($L38-$K38)))} -> #REF! | Z38: {=_xlfn.IFS(AND($K38>Y$7,$L38>Y$7),0,AND($K38<=Y$7,$L38<=Y$7),1,AND($K38<=Y$7,$L38>Y$7),((Y$7-$K38)/($L38-$K38)))} -> #REF! | ... BN38: {=_xlfn.IFS(AND($K38>BM$7,$L38>BM$7),0,AND($K38<=BM$7,$L38<=BM$7),1,AND($K38<=BM$7,$L38>BM$7),((BM$7-$K38)/($L38-$K38)))} -> #REF!
B39: {=_xlfn.IFS(LEN(Tab.baseline[[#This Row],[EAP]])=1,"Nível 1",LEN(Tab.baseline[[#This Row],[EAP]])=3,"Nível 2",LEN(Tab.baseline[[#This Row],[EAP]])=5,"Nível 3",LEN(Tab.baseline[[#This Row],[EAP]])=7,"Nível 4",LEN(Tab.baseline[[#This Row],[EAP]])=9,"Nível 5",LEN(Tab.baseline[[#This Row],[EAP]])=11,"Nível 6",LEN(Tab.baseline[[#This Row],[EAP]])=11,"Nível 7")} -> Nível 5 | C39: 1.2.2.3.1 | D39: =$H$11 -> Arquitetura de projetos GERDAU | E39: =$H$18 -> Definição da Estratégia para Transformação dos Processos | F39: =$H$26 -> Entendimento Inicial dos Processos | G39: =H38 -> Análise de Stakeholders | H39: Identificar as partes interessadas, seus papéis e influência nos processos. | I39: 45705 | J39: 45715 | K39: 45705 | L39: 45722 | N39: {=_xlfn.IFS(L39<$M$3,"Concluído",AND(K39>=$M$3,I39<$M$3,L39>$M$3),"Em andamento",AND(L39>=$M$3,J39<$M$3),"Atrasado",AND(L39>=$M$3,J39>=$M$3,I39>$M$3,K39<=$M$3),"Em andamento",AND(L39>=$M$3,J39>=$M$3,I39<=$M$3,K39<=$M$3),"Em andamento",AND(K39>$M$3,I39>$M$3),"Não iniciado",AND(L39>=$M$3,J39>=$M$3,K39>=$M$3,I39<$M$3),"Atrasado",AND(L39>=$M$3,J39>=$M$3,K39>=$M$3,I39>$M$3),"Não iniciado",AND($I39<=$M$3,$K39>$M$3),"Atrasado")} -> Concluído | O39: {=_xlfn.IFS(N39="Não iniciado",0,N39="Em andamento",1,N39="Concluído",2,N39="Atrasado",3)} -> 2 | Q39: {=_xlfn.IFS(AND($I39<$N$3,$J39<$N$3),1,AND($I39<=$N$3,$J39>=$N$3),0.5,AND($I39>=$N$3,$J39>=$N$3),0)} -> 1 | R39: {=_xlfn.IFS(AND($K39<$N$3,$L39<$N$3),1,AND($K39<=$N$3,$L39>=$N$3),0.5,AND($K39>=$N$3,$L39>=$N$3),0)} -> 1 | S39: {=_xlfn.IFS(AND($K39>R$7,$L39>R$7),0,AND($K39<=R$7,$L39<=R$7),1,AND($K39<=R$7,$L39>R$7),((R$7-$K39)/($L39-$K39)))} -> #REF! | T39: {=_xlfn.IFS(AND($K39>S$7,$L39>S$7),0,AND($K39<=S$7,$L39<=S$7),1,AND($K39<=S$7,$L39>S$7),((S$7-$K39)/($L39-$K39)))} -> #REF! | U39: {=_xlfn.IFS(AND($K39>T$7,$L39>T$7),0,AND($K39<=T$7,$L39<=T$7),1,AND($K39<=T$7,$L39>T$7),((T$7-$K39)/($L39-$K39)))} -> #REF! | V39: {=_xlfn.IFS(AND($K39>U$7,$L39>U$7),0,AND($K39<=U$7,$L39<=U$7),1,AND($K39<=U$7,$L39>U$7),((U$7-$K39)/($L39-$K39)))} -> #REF! | W39: {=_xlfn.IFS(AND($K39>V$7,$L39>V$7),0,AND($K39<=V$7,$L39<=V$7),1,AND($K39<=V$7,$L39>V$7),((V$7-$K39)/($L39-$K39)))} -> #REF! | X39: {=_xlfn.IFS(AND($K39>W$7,$L39>W$7),0,AND($K39<=W$7,$L39<=W$7),1,AND($K39<=W$7,$L39>W$7),((W$7-$K39)/($L39-$K39)))} -> #REF! | Y39: {=_xlfn.IFS(AND($K39>X$7,$L39>X$7),0,AND($K39<=X$7,$L39<=X$7),1,AND($K39<=X$7,$L39>X$7),((X$7-$K39)/($L39-$K39)))} -> #REF! | Z39: {=_xlfn.IFS(AND($K39>Y$7,$L39>Y$7),0,AND($K39<=Y$7,$L39<=Y$7),1,AND($K39<=Y$7,$L39>Y$7),((Y$7-$K39)/($L39-$K39)))} -> #REF! | ... BN39: {=_xlfn.IFS(AND($K39>BM$7,$L39>BM$7),0,AND($K39<=BM$7,$L39<=BM$7),1,AND($K39<=BM$7,$L39>BM$7),((BM$7-$K39)/($L39-$K39)))} -> #REF!
B40: {=_xlfn.IFS(LEN(Tab.baseline[[#This Row],[EAP]])=1,"Nível 1",LEN(Tab.baseline[[#This Row],[EAP]])=3,"Nível 2",LEN(Tab.baseline[[#This Row],[EAP]])=5,"Nível 3",LEN(Tab.baseline[[#This Row],[EAP]])=7,"Nível 4",LEN(Tab.baseline[[#This Row],[EAP]])=9,"Nível 5",LEN(Tab.baseline[[#This Row],[EAP]])=11,"Nível 6",LEN(Tab.baseline[[#This Row],[EAP]])=11,"Nível 7")} -> Nível 3 | C40: 1.2.3 | D40: =$H$11 -> Arquitetura de projetos GERDAU | E40: =$H$18 -> Definição da Estratégia para Transformação dos Processos | F40: - | G40: - | H40: Priorização do Portfólio de Transformação | I40: =MIN(I41:I44) -> 45705 | J40: =MAX(J41:J44) -> 45729 | K40: =MIN(K41:K44) -> 45705 | L40: =MAX(L41:L44) -> 45727 | N40: {=_xlfn.IFS(L40<$M$3,"Concluído",AND(K40>=$M$3,I40<$M$3,L40>$M$3),"Em andamento",AND(L40>=$M$3,J40<$M$3),"Atrasado",AND(L40>=$M$3,J40>=$M$3,I40>$M$3,K40<=$M$3),"Em andamento",AND(L40>=$M$3,J40>=$M$3,I40<=$M$3,K40<=$M$3),"Em andamento",AND(K40>$M$3,I40>$M$3),"Não iniciado",AND(L40>=$M$3,J40>=$M$3,K40>=$M$3,I40<$M$3),"Atrasado",AND(L40>=$M$3,J40>=$M$3,K40>=$M$3,I40>$M$3),"Não iniciado",AND($I40<=$M$3,$K40>$M$3),"Atrasado")} -> Concluído | O40: {=_xlfn.IFS(N40="Não iniciado",0,N40="Em andamento",1,N40="Concluído",2,N40="Atrasado",3)} -> 2 | Q40: =AVERAGE(Q41) -> 1 | R40: =AVERAGE(R41) -> 1 | S40: =AVERAGE(S41) -> #REF! | T40: =AVERAGE(T41) -> #REF! | U40: =AVERAGE(U41) -> #REF! | V40: =AVERAGE(V41) -> #REF! | W40: =AVERAGE(W41) -> #REF! | X40: =AVERAGE(X41) -> #REF! | ... BN40: =AVERAGE(BN41) -> #REF!
B41: {=_xlfn.IFS(LEN(Tab.baseline[[#This Row],[EAP]])=1,"Nível 1",LEN(Tab.baseline[[#This Row],[EAP]])=3,"Nível 2",LEN(Tab.baseline[[#This Row],[EAP]])=5,"Nível 3",LEN(Tab.baseline[[#This Row],[EAP]])=7,"Nível 4",LEN(Tab.baseline[[#This Row],[EAP]])=9,"Nível 5",LEN(Tab.baseline[[#This Row],[EAP]])=11,"Nível 6",LEN(Tab.baseline[[#This Row],[EAP]])=11,"Nível 7")} -> Nível 4 | C41: 1.2.3.1 | D41: =$H$11 -> Arquitetura de projetos GERDAU | E41: =$H$18 -> Definição da Estratégia para Transformação dos Processos | F41: =$H$40 -> Priorização do Portfólio de Transformação | H41: Elaboração do Roadmap de Transformação de Processos | I41: =MIN(I42:I44) -> 45705 | J41: =MAX(J42:J44) -> 45729 | K41: =MIN(K42:K44) -> 45705 | L41: =MAX(L42:L44) -> 45727 | N41: {=_xlfn.IFS(L41<$M$3,"Concluído",AND(K41>=$M$3,I41<$M$3,L41>$M$3),"Em andamento",AND(L41>=$M$3,J41<$M$3),"Atrasado",AND(L41>=$M$3,J41>=$M$3,I41>$M$3,K41<=$M$3),"Em andamento",AND(L41>=$M$3,J41>=$M$3,I41<=$M$3,K41<=$M$3),"Em andamento",AND(K41>$M$3,I41>$M$3),"Não iniciado",AND(L41>=$M$3,J41>=$M$3,K41>=$M$3,I41<$M$3),"Atrasado",AND(L41>=$M$3,J41>=$M$3,K41>=$M$3,I41>$M$3),"Não iniciado",AND($I41<=$M$3,$K41>$M$3),"Atrasado")} -> Concluído | O41: {=_xlfn.IFS(N41="Não iniciado",0,N41="Em andamento",1,N41="Concluído",2,N41="Atrasado",3)} -> 2 | Q41: {=_xlfn.IFS(AND($I41<$M$3,$J41<$M$3),1,AND($I41<$M$3,$J41>=$M$3),0.5,AND($I41>=$M$3,$J41>=$M$3),0)} -> 1 | R41: {=_xlfn.IFS(AND($I41<$M$3,$J41<$M$3),1,AND($I41<$M$3,$J41>=$M$3),0.5,AND($I41>=$M$3,$J41>=$M$3),0)} -> 1 | S41: =AVERAGE(S42:S44) -> #REF! | T41: =AVERAGE(T42:T44) -> #REF! | U41: =AVERAGE(U42:U44) -> #REF! | V41: =AVERAGE(V42:V44) -> #REF! | W41: =AVERAGE(W42:W44) -> #REF! | X41: =AVERAGE(X42:X44) -> #REF! | Y41: =AVERAGE(Y42:Y44) -> #REF! | Z41: =AVERAGE(Z42:Z44) -> #REF! | ... BN41: =AVERAGE(BN42:BN44) -> #REF!
B42: {=_xlfn.IFS(LEN(Tab.baseline[[#This Row],[EAP]])=1,"Nível 1",LEN(Tab.baseline[[#This Row],[EAP]])=3,"Nível 2",LEN(Tab.baseline[[#This Row],[EAP]])=5,"Nível 3",LEN(Tab.baseline[[#This Row],[EAP]])=7,"Nível 4",LEN(Tab.baseline[[#This Row],[EAP]])=9,"Nível 5",LEN(Tab.baseline[[#This Row],[EAP]])=11,"Nível 6",LEN(Tab.baseline[[#This Row],[EAP]])=11,"Nível 7")} -> Nível 5 | C42: 1.2.3.1.1 | D42: =$H$11 -> Arquitetura de projetos GERDAU | E42: =$H$18 -> Definição da Estratégia para Transformação dos Processos | F42: =$H$40 -> Priorização do Portfólio de Transformação | G42: =$H$41 -> Elaboração do Roadmap de Transformação de Processos | H42: Definição de critérios de priorização dos processos a serem transformados | I42: 45705 | J42: 45707 | K42: 45705 | L42: 45707 | N42: {=_xlfn.IFS(L42<$M$3,"Concluído",AND(K42>=$M$3,I42<$M$3,L42>$M$3),"Em andamento",AND(L42>=$M$3,J42<$M$3),"Atrasado",AND(L42>=$M$3,J42>=$M$3,I42>$M$3,K42<=$M$3),"Em andamento",AND(L42>=$M$3,J42>=$M$3,I42<=$M$3,K42<=$M$3),"Em andamento",AND(K42>$M$3,I42>$M$3),"Não iniciado",AND(L42>=$M$3,J42>=$M$3,K42>=$M$3,I42<$M$3),"Atrasado",AND(L42>=$M$3,J42>=$M$3,K42>=$M$3,I42>$M$3),"Não iniciado",AND($I42<=$M$3,$K42>$M$3),"Atrasado")} -> Concluído | O42: {=_xlfn.IFS(N42="Não iniciado",0,N42="Em andamento",1,N42="Concluído",2,N42="Atrasado",3)} -> 2 | Q42: {=_xlfn.IFS(AND($I42<$N$3,$J42<$N$3),1,AND($I42<=$N$3,$J42>=$N$3),0.5,AND($I42>=$N$3,$J42>=$N$3),0)} -> 1 | R42: {=_xlfn.IFS(AND($K42<$N$3,$L42<$N$3),1,AND($K42<=$N$3,$L42>=$N$3),0.5,AND($K42>=$N$3,$L42>=$N$3),0)} -> 1 | S42: {=_xlfn.IFS(AND($K42>R$7,$L42>R$7),0,AND($K42<=R$7,$L42<=R$7),1,AND($K42<=R$7,$L42>R$7),((R$7-$K42)/($L42-$K42)))} -> #REF! | T42: {=_xlfn.IFS(AND($K42>S$7,$L42>S$7),0,AND($K42<=S$7,$L42<=S$7),1,AND($K42<=S$7,$L42>S$7),((S$7-$K42)/($L42-$K42)))} -> #REF! | U42: {=_xlfn.IFS(AND($K42>T$7,$L42>T$7),0,AND($K42<=T$7,$L42<=T$7),1,AND($K42<=T$7,$L42>T$7),((T$7-$K42)/($L42-$K42)))} -> #REF! | V42: {=_xlfn.IFS(AND($K42>U$7,$L42>U$7),0,AND($K42<=U$7,$L42<=U$7),1,AND($K42<=U$7,$L42>U$7),((U$7-$K42)/($L42-$K42)))} -> #REF! | W42: {=_xlfn.IFS(AND($K42>V$7,$L42>V$7),0,AND($K42<=V$7,$L42<=V$7),1,AND($K42<=V$7,$L42>V$7),((V$7-$K42)/($L42-$K42)))} -> #REF! | X42: {=_xlfn.IFS(AND($K42>W$7,$L42>W$7),0,AND($K42<=W$7,$L42<=W$7),1,AND($K42<=W$7,$L42>W$7),((W$7-$K42)/($L42-$K42)))} -> #REF! | Y42: {=_xlfn.IFS(AND($K42>X$7,$L42>X$7),0,AND($K42<=X$7,$L42<=X$7),1,AND($K42<=X$7,$L42>X$7),((X$7-$K42)/($L42-$K42)))} -> #REF! | Z42: {=_xlfn.IFS(AND($K42>Y$7,$L42>Y$7),0,AND($K42<=Y$7,$L42<=Y$7),1,AND($K42<=Y$7,$L42>Y$7),((Y$7-$K42)/($L42-$K42)))} -> #REF! | ... BN42: {=_xlfn.IFS(AND($K42>BM$7,$L42>BM$7),0,AND($K42<=BM$7,$L42<=BM$7),1,AND($K42<=BM$7,$L42>BM$7),((BM$7-$K42)/($L42-$K42)))} -> #REF!
B43: {=_xlfn.IFS(LEN(Tab.baseline[[#This Row],[EAP]])=1,"Nível 1",LEN(Tab.baseline[[#This Row],[EAP]])=3,"Nível 2",LEN(Tab.baseline[[#This Row],[EAP]])=5,"Nível 3",LEN(Tab.baseline[[#This Row],[EAP]])=7,"Nível 4",LEN(Tab.baseline[[#This Row],[EAP]])=9,"Nível 5",LEN(Tab.baseline[[#This Row],[EAP]])=11,"Nível 6",LEN(Tab.baseline[[#This Row],[EAP]])=11,"Nível 7")} -> Nível 5 | C43: 1.2.3.1.2 | D43: =$H$11 -> Arquitetura de projetos GERDAU | E43: =$H$18 -> Definição da Estratégia para Transformação dos Processos | F43: =$H$40 -> Priorização do Portfólio de Transformação | G43: =$H$41 -> Elaboração do Roadmap de Transformação de Processos | H43: Elaboração da Matriz de Priorização dos processos com base em impacto, complexidade e maturidade | I43: 45713 | J43: 45715 | K43: 45720 | L43: 45722 | N43: {=_xlfn.IFS(L43<$M$3,"Concluído",AND(K43>=$M$3,I43<$M$3,L43>$M$3),"Em andamento",AND(L43>=$M$3,J43<$M$3),"Atrasado",AND(L43>=$M$3,J43>=$M$3,I43>$M$3,K43<=$M$3),"Em andamento",AND(L43>=$M$3,J43>=$M$3,I43<=$M$3,K43<=$M$3),"Em andamento",AND(K43>$M$3,I43>$M$3),"Não iniciado",AND(L43>=$M$3,J43>=$M$3,K43>=$M$3,I43<$M$3),"Atrasado",AND(L43>=$M$3,J43>=$M$3,K43>=$M$3,I43>$M$3),"Não iniciado",AND($I43<=$M$3,$K43>$M$3),"Atrasado")} -> Concluído | O43: {=_xlfn.IFS(N43="Não iniciado",0,N43="Em andamento",1,N43="Concluído",2,N43="Atrasado",3)} -> 2 | Q43: {=_xlfn.IFS(AND($I43<$N$3,$J43<$N$3),1,AND($I43<=$N$3,$J43>=$N$3),0.5,AND($I43>=$N$3,$J43>=$N$3),0)} -> 1 | R43: {=_xlfn.IFS(AND($K43<$N$3,$L43<$N$3),1,AND($K43<=$N$3,$L43>=$N$3),0.5,AND($K43>=$N$3,$L43>=$N$3),0)} -> 1 | S43: {=_xlfn.IFS(AND($K43>R$7,$L43>R$7),0,AND($K43<=R$7,$L43<=R$7),1,AND($K43<=R$7,$L43>R$7),((R$7-$K43)/($L43-$K43)))} -> #REF! | T43: {=_xlfn.IFS(AND($K43>S$7,$L43>S$7),0,AND($K43<=S$7,$L43<=S$7),1,AND($K43<=S$7,$L43>S$7),((S$7-$K43)/($L43-$K43)))} -> #REF! | U43: {=_xlfn.IFS(AND($K43>T$7,$L43>T$7),0,AND($K43<=T$7,$L43<=T$7),1,AND($K43<=T$7,$L43>T$7),((T$7-$K43)/($L43-$K43)))} -> #REF! | V43: {=_xlfn.IFS(AND($K43>U$7,$L43>U$7),0,AND($K43<=U$7,$L43<=U$7),1,AND($K43<=U$7,$L43>U$7),((U$7-$K43)/($L43-$K43)))} -> #REF! | W43: {=_xlfn.IFS(AND($K43>V$7,$L43>V$7),0,AND($K43<=V$7,$L43<=V$7),1,AND($K43<=V$7,$L43>V$7),((V$7-$K43)/($L43-$K43)))} -> #REF! | X43: {=_xlfn.IFS(AND($K43>W$7,$L43>W$7),0,AND($K43<=W$7,$L43<=W$7),1,AND($K43<=W$7,$L43>W$7),((W$7-$K43)/($L43-$K43)))} -> #REF! | Y43: {=_xlfn.IFS(AND($K43>X$7,$L43>X$7),0,AND($K43<=X$7,$L43<=X$7),1,AND($K43<=X$7,$L43>X$7),((X$7-$K43)/($L43-$K43)))} -> #REF! | Z43: {=_xlfn.IFS(AND($K43>Y$7,$L43>Y$7),0,AND($K43<=Y$7,$L43<=Y$7),1,AND($K43<=Y$7,$L43>Y$7),((Y$7-$K43)/($L43-$K43)))} -> #REF! | ... BN43: {=_xlfn.IFS(AND($K43>BM$7,$L43>BM$7),0,AND($K43<=BM$7,$L43<=BM$7),1,AND($K43<=BM$7,$L43>BM$7),((BM$7-$K43)/($L43-$K43)))} -> #REF!
B44: {=_xlfn.IFS(LEN(Tab.baseline[[#This Row],[EAP]])=1,"Nível 1",LEN(Tab.baseline[[#This Row],[EAP]])=3,"Nível 2",LEN(Tab.baseline[[#This Row],[EAP]])=5,"Nível 3",LEN(Tab.baseline[[#This Row],[EAP]])=7,"Nível 4",LEN(Tab.baseline[[#This Row],[EAP]])=9,"Nível 5",LEN(Tab.baseline[[#This Row],[EAP]])=11,"Nível 6",LEN(Tab.baseline[[#This Row],[EAP]])=11,"Nível 7")} -> Nível 5 | C44: 1.2.3.1.3 | D44: =$H$11 -> Arquitetura de projetos GERDAU | E44: =$H$18 -> Definição da Estratégia para Transformação dos Processos | F44: =$H$40 -> Priorização do Portfólio de Transformação | G44: =$H$41 -> Elaboração do Roadmap de Transformação de Processos | H44: Elaboração do roadmap de transformação de processos | I44: 45727 | J44: 45729 | K44: 45727 | L44: 45727 | N44: {=_xlfn.IFS(L44<$M$3,"Concluído",AND(K44>=$M$3,I44<$M$3,L44>$M$3),"Em andamento",AND(L44>=$M$3,J44<$M$3),"Atrasado",AND(L44>=$M$3,J44>=$M$3,I44>$M$3,K44<=$M$3),"Em andamento",AND(L44>=$M$3,J44>=$M$3,I44<=$M$3,K44<=$M$3),"Em andamento",AND(K44>$M$3,I44>$M$3),"Não iniciado",AND(L44>=$M$3,J44>=$M$3,K44>=$M$3,I44<$M$3),"Atrasado",AND(L44>=$M$3,J44>=$M$3,K44>=$M$3,I44>$M$3),"Não iniciado",AND($I44<=$M$3,$K44>$M$3),"Atrasado")} -> Concluído | O44: {=_xlfn.IFS(N44="Não iniciado",0,N44="Em andamento",1,N44="Concluído",2,N44="Atrasado",3)} -> 2 | Q44: {=_xlfn.IFS(AND($I44<$N$3,$J44<$N$3),1,AND($I44<=$N$3,$J44>=$N$3),0.5,AND($I44>=$N$3,$J44>=$N$3),0)} -> 1 | R44: {=_xlfn.IFS(AND($K44<$N$3,$L44<$N$3),1,AND($K44<=$N$3,$L44>=$N$3),0.5,AND($K44>=$N$3,$L44>=$N$3),0)} -> 1 | S44: {=_xlfn.IFS(AND($K44>R$7,$L44>R$7),0,AND($K44<=R$7,$L44<=R$7),1,AND($K44<=R$7,$L44>R$7),((R$7-$K44)/($L44-$K44)))} -> #REF! | T44: {=_xlfn.IFS(AND($K44>S$7,$L44>S$7),0,AND($K44<=S$7,$L44<=S$7),1,AND($K44<=S$7,$L44>S$7),((S$7-$K44)/($L44-$K44)))} -> #REF! | U44: {=_xlfn.IFS(AND($K44>T$7,$L44>T$7),0,AND($K44<=T$7,$L44<=T$7),1,AND($K44<=T$7,$L44>T$7),((T$7-$K44)/($L44-$K44)))} -> #REF! | V44: {=_xlfn.IFS(AND($K44>U$7,$L44>U$7),0,AND($K44<=U$7,$L44<=U$7),1,AND($K44<=U$7,$L44>U$7),((U$7-$K44)/($L44-$K44)))} -> #REF! | W44: {=_xlfn.IFS(AND($K44>V$7,$L44>V$7),0,AND($K44<=V$7,$L44<=V$7),1,AND($K44<=V$7,$L44>V$7),((V$7-$K44)/($L44-$K44)))} -> #REF! | X44: {=_xlfn.IFS(AND($K44>W$7,$L44>W$7),0,AND($K44<=W$7,$L44<=W$7),1,AND($K44<=W$7,$L44>W$7),((W$7-$K44)/($L44-$K44)))} -> #REF! | Y44: {=_xlfn.IFS(AND($K44>X$7,$L44>X$7),0,AND($K44<=X$7,$L44<=X$7),1,AND($K44<=X$7,$L44>X$7),((X$7-$K44)/($L44-$K44)))} -> #REF! | Z44: {=_xlfn.IFS(AND($K44>Y$7,$L44>Y$7),0,AND($K44<=Y$7,$L44<=Y$7),1,AND($K44<=Y$7,$L44>Y$7),((Y$7-$K44)/($L44-$K44)))} -> #REF! | ... BN44: {=_xlfn.IFS(AND($K44>BM$7,$L44>BM$7),0,AND($K44<=BM$7,$L44<=BM$7),1,AND($K44<=BM$7,$L44>BM$7),((BM$7-$K44)/($L44-$K44)))} -> #REF!
B45: {=_xlfn.IFS(LEN(Tab.baseline[[#This Row],[EAP]])=1,"Nível 1",LEN(Tab.baseline[[#This Row],[EAP]])=3,"Nível 2",LEN(Tab.baseline[[#This Row],[EAP]])=5,"Nível 3",LEN(Tab.baseline[[#This Row],[EAP]])=7,"Nível 4",LEN(Tab.baseline[[#This Row],[EAP]])=9,"Nível 5",LEN(Tab.baseline[[#This Row],[EAP]])=11,"Nível 6",LEN(Tab.baseline[[#This Row],[EAP]])=11,"Nível 7")} -> Nível 2 | C45: 1.3 | D45: =$H$11 -> Arquitetura de projetos GERDAU | E45: - | F45: - | G45: - | H45: Desenvolvimento da Transformação dos Processos | I45: =MIN(I46:I139) -> 45729 | J45: =MAX(J46:J139) -> 46010 | K45: =MIN(K46:K139) -> 45729 | L45: =MAX(L46:L139) -> 46010 | N45: {=_xlfn.IFS(L45<$M$3,"Concluído",AND(K45>=$M$3,I45<$M$3,L45>$M$3),"Em andamento",AND(L45>=$M$3,J45<$M$3),"Atrasado",AND(L45>=$M$3,J45>=$M$3,I45>$M$3,K45<=$M$3),"Em andamento",AND(L45>=$M$3,J45>=$M$3,I45<=$M$3,K45<=$M$3),"Em andamento",AND(K45>$M$3,I45>$M$3),"Não iniciado",AND(L45>=$M$3,J45>=$M$3,K45>=$M$3,I45<$M$3),"Atrasado",AND(L45>=$M$3,J45>=$M$3,K45>=$M$3,I45>$M$3),"Não iniciado",AND($I45<=$M$3,$K45>$M$3),"Atrasado")} -> Concluído | O45: {=_xlfn.IFS(N45="Não iniciado",0,N45="Em andamento",1,N45="Concluído",2,N45="Atrasado",3)} -> 2 | Q45: =AVERAGE(Q46,Q76,Q108) -> 1 | R45: =AVERAGE(R46,R76,R108) -> 1 | S45: =AVERAGE(S46,S76,S108) -> #REF! | T45: =AVERAGE(T46,T76,T108) -> #REF! | U45: =AVERAGE(U46,U76,U108) -> #REF! | V45: =AVERAGE(V46,V76,V108) -> #REF! | W45: =AVERAGE(W46,W76,W108) -> #REF! | X45: =AVERAGE(X46,X76,X108) -> #REF! | ... BN45: =AVERAGE(BN46,BN76,BN108) -> #REF!
B46: {=_xlfn.IFS(LEN(Tab.baseline[[#This Row],[EAP]])=1,"Nível 1",LEN(Tab.baseline[[#This Row],[EAP]])=3,"Nível 2",LEN(Tab.baseline[[#This Row],[EAP]])=5,"Nível 3",LEN(Tab.baseline[[#This Row],[EAP]])=7,"Nível 4",LEN(Tab.baseline[[#This Row],[EAP]])=9,"Nível 5",LEN(Tab.baseline[[#This Row],[EAP]])=11,"Nível 6",LEN(Tab.baseline[[#This Row],[EAP]])=11,"Nível 7")} -> Nível 3 | C46: 1.3.1 | D46: =$H$11 -> Arquitetura de projetos GERDAU | E46: =$H$45 -> Desenvolvimento da Transformação dos Processos | F46: - | G46: - | H46: Diagnóstico de Maturidade do Processo | I46: =I47 -> 45729 | J46: =J47 -> 45989 | K46: =K47 -> 45729 | L46: =L47 -> 45989 | N46: {=_xlfn.IFS(L46<$M$3,"Concluído",AND(K46>=$M$3,I46<$M$3,L46>$M$3),"Em andamento",AND(L46>=$M$3,J46<$M$3),"Atrasado",AND(L46>=$M$3,J46>=$M$3,I46>$M$3,K46<=$M$3),"Em andamento",AND(L46>=$M$3,J46>=$M$3,I46<=$M$3,K46<=$M$3),"Em andamento",AND(K46>$M$3,I46>$M$3),"Não iniciado",AND(L46>=$M$3,J46>=$M$3,K46>=$M$3,I46<$M$3),"Atrasado",AND(L46>=$M$3,J46>=$M$3,K46>=$M$3,I46>$M$3),"Não iniciado",AND($I46<=$M$3,$K46>$M$3),"Atrasado")} -> Concluído | O46: {=_xlfn.IFS(N46="Não iniciado",0,N46="Em andamento",1,N46="Concluído",2,N46="Atrasado",3)} -> 2 | Q46: =Q47 -> 1 | R46: =R47 -> 1 | S46: =S47 -> #REF! | T46: =T47 -> #REF! | U46: =U47 -> #REF! | V46: =V47 -> #REF! | W46: =W47 -> #REF! | X46: =X47 -> #REF! | ... BN46: =BN47 -> #REF!
B47: {=_xlfn.IFS(LEN(Tab.baseline[[#This Row],[EAP]])=1,"Nível 1",LEN(Tab.baseline[[#This Row],[EAP]])=3,"Nível 2",LEN(Tab.baseline[[#This Row],[EAP]])=5,"Nível 3",LEN(Tab.baseline[[#This Row],[EAP]])=7,"Nível 4",LEN(Tab.baseline[[#This Row],[EAP]])=9,"Nível 5",LEN(Tab.baseline[[#This Row],[EAP]])=11,"Nível 6",LEN(Tab.baseline[[#This Row],[EAP]])=11,"Nível 7")} -> Nível 4 | C47: 1.3.1.1 | E47: =$H$45 -> Desenvolvimento da Transformação dos Processos | F47: =$H$46 -> Diagnóstico de Maturidade do Processo | H47: Diagnóstico de Maturidade do Processo | I47: =MIN(I48:I75) -> 45729 | J47: =MAX(J48:J75) -> 45989 | K47: =MIN(K48:K75) -> 45729 | L47: =MAX(L48:L75) -> 45989 | N47: {=_xlfn.IFS(L47<$M$3,"Concluído",AND(K47>=$M$3,I47<$M$3,L47>$M$3),"Em andamento",AND(L47>=$M$3,J47<$M$3),"Atrasado",AND(L47>=$M$3,J47>=$M$3,I47>$M$3,K47<=$M$3),"Em andamento",AND(L47>=$M$3,J47>=$M$3,I47<=$M$3,K47<=$M$3),"Em andamento",AND(K47>$M$3,I47>$M$3),"Não iniciado",AND(L47>=$M$3,J47>=$M$3,K47>=$M$3,I47<$M$3),"Atrasado",AND(L47>=$M$3,J47>=$M$3,K47>=$M$3,I47>$M$3),"Não iniciado",AND($I47<=$M$3,$K47>$M$3),"Atrasado")} -> Concluído | O47: {=_xlfn.IFS(N47="Não iniciado",0,N47="Em andamento",1,N47="Concluído",2,N47="Atrasado",3)} -> 2 | Q47: =AVERAGE(Q48:Q75) -> 1 | R47: =AVERAGE(R48:R75) -> 1 | S47: =AVERAGE(S48:S75) -> #REF! | T47: =AVERAGE(T48:T75) -> #REF! | U47: =AVERAGE(U48:U75) -> #REF! | V47: =AVERAGE(V48:V75) -> #REF! | W47: =AVERAGE(W48:W75) -> #REF! | X47: =AVERAGE(X48:X75) -> #REF! | ... BN47: =AVERAGE(BN48:BN75) -> #REF!
B48: {=_xlfn.IFS(LEN(Tab.baseline[[#This Row],[EAP]])=1,"Nível 1",LEN(Tab.baseline[[#This Row],[EAP]])=3,"Nível 2",LEN(Tab.baseline[[#This Row],[EAP]])=5,"Nível 3",LEN(Tab.baseline[[#This Row],[EAP]])=7,"Nível 4",LEN(Tab.baseline[[#This Row],[EAP]])=9,"Nível 5",LEN(Tab.baseline[[#This Row],[EAP]])=11,"Nível 6",LEN(Tab.baseline[[#This Row],[EAP]])=11,"Nível 7")} -> Nível 5 | C48: 1.3.1.1.1 | E48: =$H$45 -> Desenvolvimento da Transformação dos Processos | F48: =$H$46 -> Diagnóstico de Maturidade do Processo | G48: =$H$47 -> Diagnóstico de Maturidade do Processo | H48: Diagnóstico do processo de Definição e verificação do sequenciamento da pilha | I48: 45729 | J48: 45735 | K48: 45729 | L48: 45735 | N48: {=_xlfn.IFS(L48<$M$3,"Concluído",AND(K48>=$M$3,I48<$M$3,L48>$M$3),"Em andamento",AND(L48>=$M$3,J48<$M$3),"Atrasado",AND(L48>=$M$3,J48>=$M$3,I48>$M$3,K48<=$M$3),"Em andamento",AND(L48>=$M$3,J48>=$M$3,I48<=$M$3,K48<=$M$3),"Em andamento",AND(K48>$M$3,I48>$M$3),"Não iniciado",AND(L48>=$M$3,J48>=$M$3,K48>=$M$3,I48<$M$3),"Atrasado",AND(L48>=$M$3,J48>=$M$3,K48>=$M$3,I48>$M$3),"Não iniciado",AND($I48<=$M$3,$K48>$M$3),"Atrasado")} -> Concluído | O48: {=_xlfn.IFS(N48="Não iniciado",0,N48="Em andamento",1,N48="Concluído",2,N48="Atrasado",3)} -> 2 | Q48: {=_xlfn.IFS(AND($I48<$N$3,$J48<$N$3),1,AND($I48<=$N$3,$J48>=$N$3),0.5,AND($I48>=$N$3,$J48>=$N$3),0)} -> 1 | R48: {=_xlfn.IFS(AND($K48<$N$3,$L48<$N$3),1,AND($K48<=$N$3,$L48>=$N$3),0.5,AND($K48>=$N$3,$L48>=$N$3),0)} -> 1 | S48: {=_xlfn.IFS(AND($K48>R$7,$L48>R$7),0,AND($K48<=R$7,$L48<=R$7),1,AND($K48<=R$7,$L48>R$7),((R$7-$K48)/($L48-$K48)))} -> #REF! | T48: {=_xlfn.IFS(AND($K48>S$7,$L48>S$7),0,AND($K48<=S$7,$L48<=S$7),1,AND($K48<=S$7,$L48>S$7),((S$7-$K48)/($L48-$K48)))} -> #REF! | U48: {=_xlfn.IFS(AND($K48>T$7,$L48>T$7),0,AND($K48<=T$7,$L48<=T$7),1,AND($K48<=T$7,$L48>T$7),((T$7-$K48)/($L48-$K48)))} -> #REF! | V48: {=_xlfn.IFS(AND($K48>U$7,$L48>U$7),0,AND($K48<=U$7,$L48<=U$7),1,AND($K48<=U$7,$L48>U$7),((U$7-$K48)/($L48-$K48)))} -> #REF! | W48: {=_xlfn.IFS(AND($K48>V$7,$L48>V$7),0,AND($K48<=V$7,$L48<=V$7),1,AND($K48<=V$7,$L48>V$7),((V$7-$K48)/($L48-$K48)))} -> #REF! | X48: {=_xlfn.IFS(AND($K48>W$7,$L48>W$7),0,AND($K48<=W$7,$L48<=W$7),1,AND($K48<=W$7,$L48>W$7),((W$7-$K48)/($L48-$K48)))} -> #REF! | Y48: {=_xlfn.IFS(AND($K48>X$7,$L48>X$7),0,AND($K48<=X$7,$L48<=X$7),1,AND($K48<=X$7,$L48>X$7),((X$7-$K48)/($L48-$K48)))} -> #REF! | Z48: {=_xlfn.IFS(AND($K48>Y$7,$L48>Y$7),0,AND($K48<=Y$7,$L48<=Y$7),1,AND($K48<=Y$7,$L48>Y$7),((Y$7-$K48)/($L48-$K48)))} -> #REF! | ... BN48: {=_xlfn.IFS(AND($K48>BM$7,$L48>BM$7),0,AND($K48<=BM$7,$L48<=BM$7),1,AND($K48<=BM$7,$L48>BM$7),((BM$7-$K48)/($L48-$K48)))} -> #REF!
B49: {=_xlfn.IFS(LEN(Tab.baseline[[#This Row],[EAP]])=1,"Nível 1",LEN(Tab.baseline[[#This Row],[EAP]])=3,"Nível 2",LEN(Tab.baseline[[#This Row],[EAP]])=5,"Nível 3",LEN(Tab.baseline[[#This Row],[EAP]])=7,"Nível 4",LEN(Tab.baseline[[#This Row],[EAP]])=9,"Nível 5",LEN(Tab.baseline[[#This Row],[EAP]])=11,"Nível 6",LEN(Tab.baseline[[#This Row],[EAP]])=11,"Nível 7")} -> Nível 5 | C49: 1.3.1.1.2 | E49: =$H$45 -> Desenvolvimento da Transformação dos Processos | F49: =$H$46 -> Diagnóstico de Maturidade do Processo | G49: =$H$47 -> Diagnóstico de Maturidade do Processo | H49: Diagnóstico do processo de Elaboração e atualização de PAEs e PAEBMs | I49: 45729 | J49: 45735 | K49: 45729 | L49: 45735 | N49: {=_xlfn.IFS(L49<$M$3,"Concluído",AND(K49>=$M$3,I49<$M$3,L49>$M$3),"Em andamento",AND(L49>=$M$3,J49<$M$3),"Atrasado",AND(L49>=$M$3,J49>=$M$3,I49>$M$3,K49<=$M$3),"Em andamento",AND(L49>=$M$3,J49>=$M$3,I49<=$M$3,K49<=$M$3),"Em andamento",AND(K49>$M$3,I49>$M$3),"Não iniciado",AND(L49>=$M$3,J49>=$M$3,K49>=$M$3,I49<$M$3),"Atrasado",AND(L49>=$M$3,J49>=$M$3,K49>=$M$3,I49>$M$3),"Não iniciado",AND($I49<=$M$3,$K49>$M$3),"Atrasado")} -> Concluído | O49: {=_xlfn.IFS(N49="Não iniciado",0,N49="Em andamento",1,N49="Concluído",2,N49="Atrasado",3)} -> 2 | Q49: {=_xlfn.IFS(AND($I49<$N$3,$J49<$N$3),1,AND($I49<=$N$3,$J49>=$N$3),0.5,AND($I49>=$N$3,$J49>=$N$3),0)} -> 1 | R49: {=_xlfn.IFS(AND($K49<$N$3,$L49<$N$3),1,AND($K49<=$N$3,$L49>=$N$3),0.5,AND($K49>=$N$3,$L49>=$N$3),0)} -> 1 | S49: {=_xlfn.IFS(AND($K49>R$7,$L49>R$7),0,AND($K49<=R$7,$L49<=R$7),1,AND($K49<=R$7,$L49>R$7),((R$7-$K49)/($L49-$K49)))} -> #REF! | T49: {=_xlfn.IFS(AND($K49>S$7,$L49>S$7),0,AND($K49<=S$7,$L49<=S$7),1,AND($K49<=S$7,$L49>S$7),((S$7-$K49)/($L49-$K49)))} -> #REF! | U49: {=_xlfn.IFS(AND($K49>T$7,$L49>T$7),0,AND($K49<=T$7,$L49<=T$7),1,AND($K49<=T$7,$L49>T$7),((T$7-$K49)/($L49-$K49)))} -> #REF! | V49: {=_xlfn.IFS(AND($K49>U$7,$L49>U$7),0,AND($K49<=U$7,$L49<=U$7),1,AND($K49<=U$7,$L49>U$7),((U$7-$K49)/($L49-$K49)))} -> #REF! | W49: {=_xlfn.IFS(AND($K49>V$7,$L49>V$7),0,AND($K49<=V$7,$L49<=V$7),1,AND($K49<=V$7,$L49>V$7),((V$7-$K49)/($L49-$K49)))} -> #REF! | X49: {=_xlfn.IFS(AND($K49>W$7,$L49>W$7),0,AND($K49<=W$7,$L49<=W$7),1,AND($K49<=W$7,$L49>W$7),((W$7-$K49)/($L49-$K49)))} -> #REF! | Y49: {=_xlfn.IFS(AND($K49>X$7,$L49>X$7),0,AND($K49<=X$7,$L49<=X$7),1,AND($K49<=X$7,$L49>X$7),((X$7-$K49)/($L49-$K49)))} -> #REF! | Z49: {=_xlfn.IFS(AND($K49>Y$7,$L49>Y$7),0,AND($K49<=Y$7,$L49<=Y$7),1,AND($K49<=Y$7,$L49>Y$7),((Y$7-$K49)/($L49-$K49)))} -> #REF! | ... BN49: {=_xlfn.IFS(AND($K49>BM$7,$L49>BM$7),0,AND($K49<=BM$7,$L49<=BM$7),1,AND($K49<=BM$7,$L49>BM$7),((BM$7-$K49)/($L49-$K49)))} -> #REF!
B50: {=_xlfn.IFS(LEN(Tab.baseline[[#This Row],[EAP]])=1,"Nível 1",LEN(Tab.baseline[[#This Row],[EAP]])=3,"Nível 2",LEN(Tab.baseline[[#This Row],[EAP]])=5,"Nível 3",LEN(Tab.baseline[[#This Row],[EAP]])=7,"Nível 4",LEN(Tab.baseline[[#This Row],[EAP]])=9,"Nível 5",LEN(Tab.baseline[[#This Row],[EAP]])=11,"Nível 6",LEN(Tab.baseline[[#This Row],[EAP]])=11,"Nível 7")} -> Nível 5 | C50: 1.3.1.1.3 | E50: =$H$45 -> Desenvolvimento da Transformação dos Processos | F50: =$H$46 -> Diagnóstico de Maturidade do Processo | G50: =$H$47 -> Diagnóstico de Maturidade do Processo | H50: Diagnóstico do processo de Controle de qualidade da Compactação | I50: 45729 | J50: 45735 | K50: 45729 | L50: 45735 | N50: {=_xlfn.IFS(L50<$M$3,"Concluído",AND(K50>=$M$3,I50<$M$3,L50>$M$3),"Em andamento",AND(L50>=$M$3,J50<$M$3),"Atrasado",AND(L50>=$M$3,J50>=$M$3,I50>$M$3,K50<=$M$3),"Em andamento",AND(L50>=$M$3,J50>=$M$3,I50<=$M$3,K50<=$M$3),"Em andamento",AND(K50>$M$3,I50>$M$3),"Não iniciado",AND(L50>=$M$3,J50>=$M$3,K50>=$M$3,I50<$M$3),"Atrasado",AND(L50>=$M$3,J50>=$M$3,K50>=$M$3,I50>$M$3),"Não iniciado",AND($I50<=$M$3,$K50>$M$3),"Atrasado")} -> Concluído | O50: {=_xlfn.IFS(N50="Não iniciado",0,N50="Em andamento",1,N50="Concluído",2,N50="Atrasado",3)} -> 2 | Q50: {=_xlfn.IFS(AND($I50<$N$3,$J50<$N$3),1,AND($I50<=$N$3,$J50>=$N$3),0.5,AND($I50>=$N$3,$J50>=$N$3),0)} -> 1 | R50: {=_xlfn.IFS(AND($K50<$N$3,$L50<$N$3),1,AND($K50<=$N$3,$L50>=$N$3),0.5,AND($K50>=$N$3,$L50>=$N$3),0)} -> 1 | S50: {=_xlfn.IFS(AND($K50>R$7,$L50>R$7),0,AND($K50<=R$7,$L50<=R$7),1,AND($K50<=R$7,$L50>R$7),((R$7-$K50)/($L50-$K50)))} -> #REF! | T50: {=_xlfn.IFS(AND($K50>S$7,$L50>S$7),0,AND($K50<=S$7,$L50<=S$7),1,AND($K50<=S$7,$L50>S$7),((S$7-$K50)/($L50-$K50)))} -> #REF! | U50: {=_xlfn.IFS(AND($K50>T$7,$L50>T$7),0,AND($K50<=T$7,$L50<=T$7),1,AND($K50<=T$7,$L50>T$7),((T$7-$K50)/($L50-$K50)))} -> #REF! | V50: {=_xlfn.IFS(AND($K50>U$7,$L50>U$7),0,AND($K50<=U$7,$L50<=U$7),1,AND($K50<=U$7,$L50>U$7),((U$7-$K50)/($L50-$K50)))} -> #REF! | W50: {=_xlfn.IFS(AND($K50>V$7,$L50>V$7),0,AND($K50<=V$7,$L50<=V$7),1,AND($K50<=V$7,$L50>V$7),((V$7-$K50)/($L50-$K50)))} -> #REF! | X50: {=_xlfn.IFS(AND($K50>W$7,$L50>W$7),0,AND($K50<=W$7,$L50<=W$7),1,AND($K50<=W$7,$L50>W$7),((W$7-$K50)/($L50-$K50)))} -> #REF! | Y50: {=_xlfn.IFS(AND($K50>X$7,$L50>X$7),0,AND($K50<=X$7,$L50<=X$7),1,AND($K50<=X$7,$L50>X$7),((X$7-$K50)/($L50-$K50)))} -> #REF! | Z50: {=_xlfn.IFS(AND($K50>Y$7,$L50>Y$7),0,AND($K50<=Y$7,$L50<=Y$7),1,AND($K50<=Y$7,$L50>Y$7),((Y$7-$K50)/($L50-$K50)))} -> #REF! | ... BN50: {=_xlfn.IFS(AND($K50>BM$7,$L50>BM$7),0,AND($K50<=BM$7,$L50<=BM$7),1,AND($K50<=BM$7,$L50>BM$7),((BM$7-$K50)/($L50-$K50)))} -> #REF!
B51: {=_xlfn.IFS(LEN(Tab.baseline[[#This Row],[EAP]])=1,"Nível 1",LEN(Tab.baseline[[#This Row],[EAP]])=3,"Nível 2",LEN(Tab.baseline[[#This Row],[EAP]])=5,"Nível 3",LEN(Tab.baseline[[#This Row],[EAP]])=7,"Nível 4",LEN(Tab.baseline[[#This Row],[EAP]])=9,"Nível 5",LEN(Tab.baseline[[#This Row],[EAP]])=11,"Nível 6",LEN(Tab.baseline[[#This Row],[EAP]])=11,"Nível 7")} -> Nível 5 | C51: 1.3.1.1.4 | E51: =$H$45 -> Desenvolvimento da Transformação dos Processos | F51: =$H$46 -> Diagnóstico de Maturidade do Processo | G51: =$H$47 -> Diagnóstico de Maturidade do Processo | H51: Diagnóstico do processo de Garantia de Operacionalidade de PAEs e PAEBMs | I51: 45762 | J51: 45765 | K51: 45762 | L51: 45765 | N51: {=_xlfn.IFS(L51<$M$3,"Concluído",AND(K51>=$M$3,I51<$M$3,L51>$M$3),"Em andamento",AND(L51>=$M$3,J51<$M$3),"Atrasado",AND(L51>=$M$3,J51>=$M$3,I51>$M$3,K51<=$M$3),"Em andamento",AND(L51>=$M$3,J51>=$M$3,I51<=$M$3,K51<=$M$3),"Em andamento",AND(K51>$M$3,I51>$M$3),"Não iniciado",AND(L51>=$M$3,J51>=$M$3,K51>=$M$3,I51<$M$3),"Atrasado",AND(L51>=$M$3,J51>=$M$3,K51>=$M$3,I51>$M$3),"Não iniciado",AND($I51<=$M$3,$K51>$M$3),"Atrasado")} -> Concluído | O51: {=_xlfn.IFS(N51="Não iniciado",0,N51="Em andamento",1,N51="Concluído",2,N51="Atrasado",3)} -> 2 | Q51: {=_xlfn.IFS(AND($I51<$N$3,$J51<$N$3),1,AND($I51<=$N$3,$J51>=$N$3),0.5,AND($I51>=$N$3,$J51>=$N$3),0)} -> 1 | R51: {=_xlfn.IFS(AND($K51<$N$3,$L51<$N$3),1,AND($K51<=$N$3,$L51>=$N$3),0.5,AND($K51>=$N$3,$L51>=$N$3),0)} -> 1 | S51: {=_xlfn.IFS(AND($K51>R$7,$L51>R$7),0,AND($K51<=R$7,$L51<=R$7),1,AND($K51<=R$7,$L51>R$7),((R$7-$K51)/($L51-$K51)))} -> #REF! | T51: {=_xlfn.IFS(AND($K51>S$7,$L51>S$7),0,AND($K51<=S$7,$L51<=S$7),1,AND($K51<=S$7,$L51>S$7),((S$7-$K51)/($L51-$K51)))} -> #REF! | U51: {=_xlfn.IFS(AND($K51>T$7,$L51>T$7),0,AND($K51<=T$7,$L51<=T$7),1,AND($K51<=T$7,$L51>T$7),((T$7-$K51)/($L51-$K51)))} -> #REF! | V51: {=_xlfn.IFS(AND($K51>U$7,$L51>U$7),0,AND($K51<=U$7,$L51<=U$7),1,AND($K51<=U$7,$L51>U$7),((U$7-$K51)/($L51-$K51)))} -> #REF! | W51: {=_xlfn.IFS(AND($K51>V$7,$L51>V$7),0,AND($K51<=V$7,$L51<=V$7),1,AND($K51<=V$7,$L51>V$7),((V$7-$K51)/($L51-$K51)))} -> #REF! | X51: {=_xlfn.IFS(AND($K51>W$7,$L51>W$7),0,AND($K51<=W$7,$L51<=W$7),1,AND($K51<=W$7,$L51>W$7),((W$7-$K51)/($L51-$K51)))} -> #REF! | Y51: {=_xlfn.IFS(AND($K51>X$7,$L51>X$7),0,AND($K51<=X$7,$L51<=X$7),1,AND($K51<=X$7,$L51>X$7),((X$7-$K51)/($L51-$K51)))} -> #REF! | Z51: {=_xlfn.IFS(AND($K51>Y$7,$L51>Y$7),0,AND($K51<=Y$7,$L51<=Y$7),1,AND($K51<=Y$7,$L51>Y$7),((Y$7-$K51)/($L51-$K51)))} -> #REF! | ... BN51: {=_xlfn.IFS(AND($K51>BM$7,$L51>BM$7),0,AND($K51<=BM$7,$L51<=BM$7),1,AND($K51<=BM$7,$L51>BM$7),((BM$7-$K51)/($L51-$K51)))} -> #REF!
B52: {=_xlfn.IFS(LEN(Tab.baseline[[#This Row],[EAP]])=1,"Nível 1",LEN(Tab.baseline[[#This Row],[EAP]])=3,"Nível 2",LEN(Tab.baseline[[#This Row],[EAP]])=5,"Nível 3",LEN(Tab.baseline[[#This Row],[EAP]])=7,"Nível 4",LEN(Tab.baseline[[#This Row],[EAP]])=9,"Nível 5",LEN(Tab.baseline[[#This Row],[EAP]])=11,"Nível 6",LEN(Tab.baseline[[#This Row],[EAP]])=11,"Nível 7")} -> Nível 5 | C52: 1.3.1.1.5 | E52: =$H$45 -> Desenvolvimento da Transformação dos Processos | F52: =$H$46 -> Diagnóstico de Maturidade do Processo | G52: =$H$47 -> Diagnóstico de Maturidade do Processo | H52: Diagnóstico do processo de Aferição dos Parâmetros do Rejeito na Planta de Filtragem | I52: 45762 | J52: 45765 | K52: 45762 | L52: 45765 | N52: {=_xlfn.IFS(L52<$M$3,"Concluído",AND(K52>=$M$3,I52<$M$3,L52>$M$3),"Em andamento",AND(L52>=$M$3,J52<$M$3),"Atrasado",AND(L52>=$M$3,J52>=$M$3,I52>$M$3,K52<=$M$3),"Em andamento",AND(L52>=$M$3,J52>=$M$3,I52<=$M$3,K52<=$M$3),"Em andamento",AND(K52>$M$3,I52>$M$3),"Não iniciado",AND(L52>=$M$3,J52>=$M$3,K52>=$M$3,I52<$M$3),"Atrasado",AND(L52>=$M$3,J52>=$M$3,K52>=$M$3,I52>$M$3),"Não iniciado",AND($I52<=$M$3,$K52>$M$3),"Atrasado")} -> Concluído | O52: {=_xlfn.IFS(N52="Não iniciado",0,N52="Em andamento",1,N52="Concluído",2,N52="Atrasado",3)} -> 2 | Q52: {=_xlfn.IFS(AND($I52<$N$3,$J52<$N$3),1,AND($I52<=$N$3,$J52>=$N$3),0.5,AND($I52>=$N$3,$J52>=$N$3),0)} -> 1 | R52: {=_xlfn.IFS(AND($K52<$N$3,$L52<$N$3),1,AND($K52<=$N$3,$L52>=$N$3),0.5,AND($K52>=$N$3,$L52>=$N$3),0)} -> 1 | S52: {=_xlfn.IFS(AND($K52>R$7,$L52>R$7),0,AND($K52<=R$7,$L52<=R$7),1,AND($K52<=R$7,$L52>R$7),((R$7-$K52)/($L52-$K52)))} -> #REF! | T52: {=_xlfn.IFS(AND($K52>S$7,$L52>S$7),0,AND($K52<=S$7,$L52<=S$7),1,AND($K52<=S$7,$L52>S$7),((S$7-$K52)/($L52-$K52)))} -> #REF! | U52: {=_xlfn.IFS(AND($K52>T$7,$L52>T$7),0,AND($K52<=T$7,$L52<=T$7),1,AND($K52<=T$7,$L52>T$7),((T$7-$K52)/($L52-$K52)))} -> #REF! | V52: {=_xlfn.IFS(AND($K52>U$7,$L52>U$7),0,AND($K52<=U$7,$L52<=U$7),1,AND($K52<=U$7,$L52>U$7),((U$7-$K52)/($L52-$K52)))} -> #REF! | W52: {=_xlfn.IFS(AND($K52>V$7,$L52>V$7),0,AND($K52<=V$7,$L52<=V$7),1,AND($K52<=V$7,$L52>V$7),((V$7-$K52)/($L52-$K52)))} -> #REF! | X52: {=_xlfn.IFS(AND($K52>W$7,$L52>W$7),0,AND($K52<=W$7,$L52<=W$7),1,AND($K52<=W$7,$L52>W$7),((W$7-$K52)/($L52-$K52)))} -> #REF! | Y52: {=_xlfn.IFS(AND($K52>X$7,$L52>X$7),0,AND($K52<=X$7,$L52<=X$7),1,AND($K52<=X$7,$L52>X$7),((X$7-$K52)/($L52-$K52)))} -> #REF! | Z52: {=_xlfn.IFS(AND($K52>Y$7,$L52>Y$7),0,AND($K52<=Y$7,$L52<=Y$7),1,AND($K52<=Y$7,$L52>Y$7),((Y$7-$K52)/($L52-$K52)))} -> #REF! | ... BN52: {=_xlfn.IFS(AND($K52>BM$7,$L52>BM$7),0,AND($K52<=BM$7,$L52<=BM$7),1,AND($K52<=BM$7,$L52>BM$7),((BM$7-$K52)/($L52-$K52)))} -> #REF!
B53: {=_xlfn.IFS(LEN(Tab.baseline[[#This Row],[EAP]])=1,"Nível 1",LEN(Tab.baseline[[#This Row],[EAP]])=3,"Nível 2",LEN(Tab.baseline[[#This Row],[EAP]])=5,"Nível 3",LEN(Tab.baseline[[#This Row],[EAP]])=7,"Nível 4",LEN(Tab.baseline[[#This Row],[EAP]])=9,"Nível 5",LEN(Tab.baseline[[#This Row],[EAP]])=11,"Nível 6",LEN(Tab.baseline[[#This Row],[EAP]])=11,"Nível 7")} -> Nível 5 | C53: 1.3.1.1.6 | E53: =$H$45 -> Desenvolvimento da Transformação dos Processos | F53: =$H$46 -> Diagnóstico de Maturidade do Processo | G53: =$H$47 -> Diagnóstico de Maturidade do Processo | H53: Diagnóstico do processo de Elaboração e atualização do balanço hídrico na mineração | I53: 45762 | J53: 45765 | K53: 45762 | L53: 45765 | N53: {=_xlfn.IFS(L53<$M$3,"Concluído",AND(K53>=$M$3,I53<$M$3,L53>$M$3),"Em andamento",AND(L53>=$M$3,J53<$M$3),"Atrasado",AND(L53>=$M$3,J53>=$M$3,I53>$M$3,K53<=$M$3),"Em andamento",AND(L53>=$M$3,J53>=$M$3,I53<=$M$3,K53<=$M$3),"Em andamento",AND(K53>$M$3,I53>$M$3),"Não iniciado",AND(L53>=$M$3,J53>=$M$3,K53>=$M$3,I53<$M$3),"Atrasado",AND(L53>=$M$3,J53>=$M$3,K53>=$M$3,I53>$M$3),"Não iniciado",AND($I53<=$M$3,$K53>$M$3),"Atrasado")} -> Concluído | O53: {=_xlfn.IFS(N53="Não iniciado",0,N53="Em andamento",1,N53="Concluído",2,N53="Atrasado",3)} -> 2 | Q53: {=_xlfn.IFS(AND($I53<$N$3,$J53<$N$3),1,AND($I53<=$N$3,$J53>=$N$3),0.5,AND($I53>=$N$3,$J53>=$N$3),0)} -> 1 | R53: {=_xlfn.IFS(AND($K53<$N$3,$L53<$N$3),1,AND($K53<=$N$3,$L53>=$N$3),0.5,AND($K53>=$N$3,$L53>=$N$3),0)} -> 1 | S53: {=_xlfn.IFS(AND($K53>R$7,$L53>R$7),0,AND($K53<=R$7,$L53<=R$7),1,AND($K53<=R$7,$L53>R$7),((R$7-$K53)/($L53-$K53)))} -> #REF! | T53: {=_xlfn.IFS(AND($K53>S$7,$L53>S$7),0,AND($K53<=S$7,$L53<=S$7),1,AND($K53<=S$7,$L53>S$7),((S$7-$K53)/($L53-$K53)))} -> #REF! | U53: {=_xlfn.IFS(AND($K53>T$7,$L53>T$7),0,AND($K53<=T$7,$L53<=T$7),1,AND($K53<=T$7,$L53>T$7),((T$7-$K53)/($L53-$K53)))} -> #REF! | V53: {=_xlfn.IFS(AND($K53>U$7,$L53>U$7),0,AND($K53<=U$7,$L53<=U$7),1,AND($K53<=U$7,$L53>U$7),((U$7-$K53)/($L53-$K53)))} -> #REF! | W53: {=_xlfn.IFS(AND($K53>V$7,$L53>V$7),0,AND($K53<=V$7,$L53<=V$7),1,AND($K53<=V$7,$L53>V$7),((V$7-$K53)/($L53-$K53)))} -> #REF! | X53: {=_xlfn.IFS(AND($K53>W$7,$L53>W$7),0,AND($K53<=W$7,$L53<=W$7),1,AND($K53<=W$7,$L53>W$7),((W$7-$K53)/($L53-$K53)))} -> #REF! | Y53: {=_xlfn.IFS(AND($K53>X$7,$L53>X$7),0,AND($K53<=X$7,$L53<=X$7),1,AND($K53<=X$7,$L53>X$7),((X$7-$K53)/($L53-$K53)))} -> #REF! | Z53: {=_xlfn.IFS(AND($K53>Y$7,$L53>Y$7),0,AND($K53<=Y$7,$L53<=Y$7),1,AND($K53<=Y$7,$L53>Y$7),((Y$7-$K53)/($L53-$K53)))} -> #REF! | ... BN53: {=_xlfn.IFS(AND($K53>BM$7,$L53>BM$7),0,AND($K53<=BM$7,$L53<=BM$7),1,AND($K53<=BM$7,$L53>BM$7),((BM$7-$K53)/($L53-$K53)))} -> #REF!
B54: {=_xlfn.IFS(LEN(Tab.baseline[[#This Row],[EAP]])=1,"Nível 1",LEN(Tab.baseline[[#This Row],[EAP]])=3,"Nível 2",LEN(Tab.baseline[[#This Row],[EAP]])=5,"Nível 3",LEN(Tab.baseline[[#This Row],[EAP]])=7,"Nível 4",LEN(Tab.baseline[[#This Row],[EAP]])=9,"Nível 5",LEN(Tab.baseline[[#This Row],[EAP]])=11,"Nível 6",LEN(Tab.baseline[[#This Row],[EAP]])=11,"Nível 7")} -> Nível 5 | C54: 1.3.1.1.7 | E54: =$H$45 -> Desenvolvimento da Transformação dos Processos | F54: =$H$46 -> Diagnóstico de Maturidade do Processo | G54: =$H$47 -> Diagnóstico de Maturidade do Processo | H54: Diagnóstico do processo de Análise de Performance Mensal das Estruturas | I54: 45762 | J54: 45765 | K54: 45762 | L54: 45765 | N54: {=_xlfn.IFS(L54<$M$3,"Concluído",AND(K54>=$M$3,I54<$M$3,L54>$M$3),"Em andamento",AND(L54>=$M$3,J54<$M$3),"Atrasado",AND(L54>=$M$3,J54>=$M$3,I54>$M$3,K54<=$M$3),"Em andamento",AND(L54>=$M$3,J54>=$M$3,I54<=$M$3,K54<=$M$3),"Em andamento",AND(K54>$M$3,I54>$M$3),"Não iniciado",AND(L54>=$M$3,J54>=$M$3,K54>=$M$3,I54<$M$3),"Atrasado",AND(L54>=$M$3,J54>=$M$3,K54>=$M$3,I54>$M$3),"Não iniciado",AND($I54<=$M$3,$K54>$M$3),"Atrasado")} -> Concluído | O54: {=_xlfn.IFS(N54="Não iniciado",0,N54="Em andamento",1,N54="Concluído",2,N54="Atrasado",3)} -> 2 | Q54: {=_xlfn.IFS(AND($I54<$N$3,$J54<$N$3),1,AND($I54<=$N$3,$J54>=$N$3),0.5,AND($I54>=$N$3,$J54>=$N$3),0)} -> 1 | R54: {=_xlfn.IFS(AND($K54<$N$3,$L54<$N$3),1,AND($K54<=$N$3,$L54>=$N$3),0.5,AND($K54>=$N$3,$L54>=$N$3),0)} -> 1 | S54: {=_xlfn.IFS(AND($K54>R$7,$L54>R$7),0,AND($K54<=R$7,$L54<=R$7),1,AND($K54<=R$7,$L54>R$7),((R$7-$K54)/($L54-$K54)))} -> #REF! | T54: {=_xlfn.IFS(AND($K54>S$7,$L54>S$7),0,AND($K54<=S$7,$L54<=S$7),1,AND($K54<=S$7,$L54>S$7),((S$7-$K54)/($L54-$K54)))} -> #REF! | U54: {=_xlfn.IFS(AND($K54>T$7,$L54>T$7),0,AND($K54<=T$7,$L54<=T$7),1,AND($K54<=T$7,$L54>T$7),((T$7-$K54)/($L54-$K54)))} -> #REF! | V54: {=_xlfn.IFS(AND($K54>U$7,$L54>U$7),0,AND($K54<=U$7,$L54<=U$7),1,AND($K54<=U$7,$L54>U$7),((U$7-$K54)/($L54-$K54)))} -> #REF! | W54: {=_xlfn.IFS(AND($K54>V$7,$L54>V$7),0,AND($K54<=V$7,$L54<=V$7),1,AND($K54<=V$7,$L54>V$7),((V$7-$K54)/($L54-$K54)))} -> #REF! | X54: {=_xlfn.IFS(AND($K54>W$7,$L54>W$7),0,AND($K54<=W$7,$L54<=W$7),1,AND($K54<=W$7,$L54>W$7),((W$7-$K54)/($L54-$K54)))} -> #REF! | Y54: {=_xlfn.IFS(AND($K54>X$7,$L54>X$7),0,AND($K54<=X$7,$L54<=X$7),1,AND($K54<=X$7,$L54>X$7),((X$7-$K54)/($L54-$K54)))} -> #REF! | Z54: {=_xlfn.IFS(AND($K54>Y$7,$L54>Y$7),0,AND($K54<=Y$7,$L54<=Y$7),1,AND($K54<=Y$7,$L54>Y$7),((Y$7-$K54)/($L54-$K54)))} -> #REF! | ... BN54: {=_xlfn.IFS(AND($K54>BM$7,$L54>BM$7),0,AND($K54<=BM$7,$L54<=BM$7),1,AND($K54<=BM$7,$L54>BM$7),((BM$7-$K54)/($L54-$K54)))} -> #REF!
B55: {=_xlfn.IFS(LEN(Tab.baseline[[#This Row],[EAP]])=1,"Nível 1",LEN(Tab.baseline[[#This Row],[EAP]])=3,"Nível 2",LEN(Tab.baseline[[#This Row],[EAP]])=5,"Nível 3",LEN(Tab.baseline[[#This Row],[EAP]])=7,"Nível 4",LEN(Tab.baseline[[#This Row],[EAP]])=9,"Nível 5",LEN(Tab.baseline[[#This Row],[EAP]])=11,"Nível 6",LEN(Tab.baseline[[#This Row],[EAP]])=11,"Nível 7")} -> Nível 5 | C55: 1.3.1.1.8 | E55: =$H$45 -> Desenvolvimento da Transformação dos Processos | F55: =$H$46 -> Diagnóstico de Maturidade do Processo | G55: =$H$47 -> Diagnóstico de Maturidade do Processo | H55: Diagnóstico do processo de Tratativa de Anomalias | I55: 45810 | J55: 45814 | K55: 45810 | L55: 45814 | N55: {=_xlfn.IFS(L55<$M$3,"Concluído",AND(K55>=$M$3,I55<$M$3,L55>$M$3),"Em andamento",AND(L55>=$M$3,J55<$M$3),"Atrasado",AND(L55>=$M$3,J55>=$M$3,I55>$M$3,K55<=$M$3),"Em andamento",AND(L55>=$M$3,J55>=$M$3,I55<=$M$3,K55<=$M$3),"Em andamento",AND(K55>$M$3,I55>$M$3),"Não iniciado",AND(L55>=$M$3,J55>=$M$3,K55>=$M$3,I55<$M$3),"Atrasado",AND(L55>=$M$3,J55>=$M$3,K55>=$M$3,I55>$M$3),"Não iniciado",AND($I55<=$M$3,$K55>$M$3),"Atrasado")} -> Concluído | O55: {=_xlfn.IFS(N55="Não iniciado",0,N55="Em andamento",1,N55="Concluído",2,N55="Atrasado",3)} -> 2 | Q55: {=_xlfn.IFS(AND($I55<$N$3,$J55<$N$3),1,AND($I55<=$N$3,$J55>=$N$3),0.5,AND($I55>=$N$3,$J55>=$N$3),0)} -> 1 | R55: {=_xlfn.IFS(AND($K55<$N$3,$L55<$N$3),1,AND($K55<=$N$3,$L55>=$N$3),0.5,AND($K55>=$N$3,$L55>=$N$3),0)} -> 1 | S55: {=_xlfn.IFS(AND($K55>R$7,$L55>R$7),0,AND($K55<=R$7,$L55<=R$7),1,AND($K55<=R$7,$L55>R$7),((R$7-$K55)/($L55-$K55)))} -> #REF! | T55: {=_xlfn.IFS(AND($K55>S$7,$L55>S$7),0,AND($K55<=S$7,$L55<=S$7),1,AND($K55<=S$7,$L55>S$7),((S$7-$K55)/($L55-$K55)))} -> #REF! | U55: {=_xlfn.IFS(AND($K55>T$7,$L55>T$7),0,AND($K55<=T$7,$L55<=T$7),1,AND($K55<=T$7,$L55>T$7),((T$7-$K55)/($L55-$K55)))} -> #REF! | V55: {=_xlfn.IFS(AND($K55>U$7,$L55>U$7),0,AND($K55<=U$7,$L55<=U$7),1,AND($K55<=U$7,$L55>U$7),((U$7-$K55)/($L55-$K55)))} -> #REF! | W55: {=_xlfn.IFS(AND($K55>V$7,$L55>V$7),0,AND($K55<=V$7,$L55<=V$7),1,AND($K55<=V$7,$L55>V$7),((V$7-$K55)/($L55-$K55)))} -> #REF! | X55: {=_xlfn.IFS(AND($K55>W$7,$L55>W$7),0,AND($K55<=W$7,$L55<=W$7),1,AND($K55<=W$7,$L55>W$7),((W$7-$K55)/($L55-$K55)))} -> #REF! | Y55: {=_xlfn.IFS(AND($K55>X$7,$L55>X$7),0,AND($K55<=X$7,$L55<=X$7),1,AND($K55<=X$7,$L55>X$7),((X$7-$K55)/($L55-$K55)))} -> #REF! | Z55: {=_xlfn.IFS(AND($K55>Y$7,$L55>Y$7),0,AND($K55<=Y$7,$L55<=Y$7),1,AND($K55<=Y$7,$L55>Y$7),((Y$7-$K55)/($L55-$K55)))} -> #REF! | ... BN55: {=_xlfn.IFS(AND($K55>BM$7,$L55>BM$7),0,AND($K55<=BM$7,$L55<=BM$7),1,AND($K55<=BM$7,$L55>BM$7),((BM$7-$K55)/($L55-$K55)))} -> #REF!
B56: {=_xlfn.IFS(LEN(Tab.baseline[[#This Row],[EAP]])=1,"Nível 1",LEN(Tab.baseline[[#This Row],[EAP]])=3,"Nível 2",LEN(Tab.baseline[[#This Row],[EAP]])=5,"Nível 3",LEN(Tab.baseline[[#This Row],[EAP]])=7,"Nível 4",LEN(Tab.baseline[[#This Row],[EAP]])=9,"Nível 5",LEN(Tab.baseline[[#This Row],[EAP]])=11,"Nível 6",LEN(Tab.baseline[[#This Row],[EAP]])=11,"Nível 7")} -> Nível 5 | C56: 1.3.1.1.9 | E56: =$H$45 -> Desenvolvimento da Transformação dos Processos | F56: =$H$46 -> Diagnóstico de Maturidade do Processo | G56: =$H$47 -> Diagnóstico de Maturidade do Processo | H56: Diagnóstico do processo de Monitoramento do Acesso de Colaboradores às Areas Críticas | I56: 45810 | J56: 45814 | K56: 45810 | L56: 45814 | N56: {=_xlfn.IFS(L56<$M$3,"Concluído",AND(K56>=$M$3,I56<$M$3,L56>$M$3),"Em andamento",AND(L56>=$M$3,J56<$M$3),"Atrasado",AND(L56>=$M$3,J56>=$M$3,I56>$M$3,K56<=$M$3),"Em andamento",AND(L56>=$M$3,J56>=$M$3,I56<=$M$3,K56<=$M$3),"Em andamento",AND(K56>$M$3,I56>$M$3),"Não iniciado",AND(L56>=$M$3,J56>=$M$3,K56>=$M$3,I56<$M$3),"Atrasado",AND(L56>=$M$3,J56>=$M$3,K56>=$M$3,I56>$M$3),"Não iniciado",AND($I56<=$M$3,$K56>$M$3),"Atrasado")} -> Concluído | O56: {=_xlfn.IFS(N56="Não iniciado",0,N56="Em andamento",1,N56="Concluído",2,N56="Atrasado",3)} -> 2 | Q56: {=_xlfn.IFS(AND($I56<$N$3,$J56<$N$3),1,AND($I56<=$N$3,$J56>=$N$3),0.5,AND($I56>=$N$3,$J56>=$N$3),0)} -> 1 | R56: {=_xlfn.IFS(AND($K56<$N$3,$L56<$N$3),1,AND($K56<=$N$3,$L56>=$N$3),0.5,AND($K56>=$N$3,$L56>=$N$3),0)} -> 1 | S56: {=_xlfn.IFS(AND($K56>R$7,$L56>R$7),0,AND($K56<=R$7,$L56<=R$7),1,AND($K56<=R$7,$L56>R$7),((R$7-$K56)/($L56-$K56)))} -> #REF! | T56: {=_xlfn.IFS(AND($K56>S$7,$L56>S$7),0,AND($K56<=S$7,$L56<=S$7),1,AND($K56<=S$7,$L56>S$7),((S$7-$K56)/($L56-$K56)))} -> #REF! | U56: {=_xlfn.IFS(AND($K56>T$7,$L56>T$7),0,AND($K56<=T$7,$L56<=T$7),1,AND($K56<=T$7,$L56>T$7),((T$7-$K56)/($L56-$K56)))} -> #REF! | V56: {=_xlfn.IFS(AND($K56>U$7,$L56>U$7),0,AND($K56<=U$7,$L56<=U$7),1,AND($K56<=U$7,$L56>U$7),((U$7-$K56)/($L56-$K56)))} -> #REF! | W56: {=_xlfn.IFS(AND($K56>V$7,$L56>V$7),0,AND($K56<=V$7,$L56<=V$7),1,AND($K56<=V$7,$L56>V$7),((V$7-$K56)/($L56-$K56)))} -> #REF! | X56: {=_xlfn.IFS(AND($K56>W$7,$L56>W$7),0,AND($K56<=W$7,$L56<=W$7),1,AND($K56<=W$7,$L56>W$7),((W$7-$K56)/($L56-$K56)))} -> #REF! | Y56: {=_xlfn.IFS(AND($K56>X$7,$L56>X$7),0,AND($K56<=X$7,$L56<=X$7),1,AND($K56<=X$7,$L56>X$7),((X$7-$K56)/($L56-$K56)))} -> #REF! | Z56: {=_xlfn.IFS(AND($K56>Y$7,$L56>Y$7),0,AND($K56<=Y$7,$L56<=Y$7),1,AND($K56<=Y$7,$L56>Y$7),((Y$7-$K56)/($L56-$K56)))} -> #REF! | ... BN56: {=_xlfn.IFS(AND($K56>BM$7,$L56>BM$7),0,AND($K56<=BM$7,$L56<=BM$7),1,AND($K56<=BM$7,$L56>BM$7),((BM$7-$K56)/($L56-$K56)))} -> #REF!
B57: Nível 5 | C57: 1.3.1.1.10 | E57: =$H$45 -> Desenvolvimento da Transformação dos Processos | F57: =$H$46 -> Diagnóstico de Maturidade do Processo | G57: =$H$47 -> Diagnóstico de Maturidade do Processo | H57: Diagnóstico do processo de Acompanhamento a fiscalizações e resposta a ofícios | I57: 45810 | J57: 45814 | K57: 45810 | L57: 45814 | N57: {=_xlfn.IFS(L57<$M$3,"Concluído",AND(K57>=$M$3,I57<$M$3,L57>$M$3),"Em andamento",AND(L57>=$M$3,J57<$M$3),"Atrasado",AND(L57>=$M$3,J57>=$M$3,I57>$M$3,K57<=$M$3),"Em andamento",AND(L57>=$M$3,J57>=$M$3,I57<=$M$3,K57<=$M$3),"Em andamento",AND(K57>$M$3,I57>$M$3),"Não iniciado",AND(L57>=$M$3,J57>=$M$3,K57>=$M$3,I57<$M$3),"Atrasado",AND(L57>=$M$3,J57>=$M$3,K57>=$M$3,I57>$M$3),"Não iniciado",AND($I57<=$M$3,$K57>$M$3),"Atrasado")} -> Concluído | O57: {=_xlfn.IFS(N57="Não iniciado",0,N57="Em andamento",1,N57="Concluído",2,N57="Atrasado",3)} -> 2 | Q57: {=_xlfn.IFS(AND($I57<$N$3,$J57<$N$3),1,AND($I57<=$N$3,$J57>=$N$3),0.5,AND($I57>=$N$3,$J57>=$N$3),0)} -> 1 | R57: {=_xlfn.IFS(AND($K57<$N$3,$L57<$N$3),1,AND($K57<=$N$3,$L57>=$N$3),0.5,AND($K57>=$N$3,$L57>=$N$3),0)} -> 1 | S57: {=_xlfn.IFS(AND($K57>R$7,$L57>R$7),0,AND($K57<=R$7,$L57<=R$7),1,AND($K57<=R$7,$L57>R$7),((R$7-$K57)/($L57-$K57)))} -> #REF! | T57: {=_xlfn.IFS(AND($K57>S$7,$L57>S$7),0,AND($K57<=S$7,$L57<=S$7),1,AND($K57<=S$7,$L57>S$7),((S$7-$K57)/($L57-$K57)))} -> #REF! | U57: {=_xlfn.IFS(AND($K57>T$7,$L57>T$7),0,AND($K57<=T$7,$L57<=T$7),1,AND($K57<=T$7,$L57>T$7),((T$7-$K57)/($L57-$K57)))} -> #REF! | V57: {=_xlfn.IFS(AND($K57>U$7,$L57>U$7),0,AND($K57<=U$7,$L57<=U$7),1,AND($K57<=U$7,$L57>U$7),((U$7-$K57)/($L57-$K57)))} -> #REF! | W57: {=_xlfn.IFS(AND($K57>V$7,$L57>V$7),0,AND($K57<=V$7,$L57<=V$7),1,AND($K57<=V$7,$L57>V$7),((V$7-$K57)/($L57-$K57)))} -> #REF! | X57: {=_xlfn.IFS(AND($K57>W$7,$L57>W$7),0,AND($K57<=W$7,$L57<=W$7),1,AND($K57<=W$7,$L57>W$7),((W$7-$K57)/($L57-$K57)))} -> #REF! | Y57: {=_xlfn.IFS(AND($K57>X$7,$L57>X$7),0,AND($K57<=X$7,$L57<=X$7),1,AND($K57<=X$7,$L57>X$7),((X$7-$K57)/($L57-$K57)))} -> #REF! | Z57: {=_xlfn.IFS(AND($K57>Y$7,$L57>Y$7),0,AND($K57<=Y$7,$L57<=Y$7),1,AND($K57<=Y$7,$L57>Y$7),((Y$7-$K57)/($L57-$K57)))} -> #REF! | ... BN57: {=_xlfn.IFS(AND($K57>BM$7,$L57>BM$7),0,AND($K57<=BM$7,$L57<=BM$7),1,AND($K57<=BM$7,$L57>BM$7),((BM$7-$K57)/($L57-$K57)))} -> #REF!
B58: Nível 5 | C58: 1.3.1.1.11 | E58: =$H$45 -> Desenvolvimento da Transformação dos Processos | F58: =$H$46 -> Diagnóstico de Maturidade do Processo | G58: =$H$47 -> Diagnóstico de Maturidade do Processo | H58: Diagnóstico do processo de Condução de auditorias | I58: 45838 | J58: 45842 | K58: 45838 | L58: 45842 | N58: {=_xlfn.IFS(L58<$M$3,"Concluído",AND(K58>=$M$3,I58<$M$3,L58>$M$3),"Em andamento",AND(L58>=$M$3,J58<$M$3),"Atrasado",AND(L58>=$M$3,J58>=$M$3,I58>$M$3,K58<=$M$3),"Em andamento",AND(L58>=$M$3,J58>=$M$3,I58<=$M$3,K58<=$M$3),"Em andamento",AND(K58>$M$3,I58>$M$3),"Não iniciado",AND(L58>=$M$3,J58>=$M$3,K58>=$M$3,I58<$M$3),"Atrasado",AND(L58>=$M$3,J58>=$M$3,K58>=$M$3,I58>$M$3),"Não iniciado",AND($I58<=$M$3,$K58>$M$3),"Atrasado")} -> Concluído | O58: {=_xlfn.IFS(N58="Não iniciado",0,N58="Em andamento",1,N58="Concluído",2,N58="Atrasado",3)} -> 2 | Q58: {=_xlfn.IFS(AND($I58<$N$3,$J58<$N$3),1,AND($I58<=$N$3,$J58>=$N$3),0.5,AND($I58>=$N$3,$J58>=$N$3),0)} -> 1 | R58: {=_xlfn.IFS(AND($K58<$N$3,$L58<$N$3),1,AND($K58<=$N$3,$L58>=$N$3),0.5,AND($K58>=$N$3,$L58>=$N$3),0)} -> 1 | S58: {=_xlfn.IFS(AND($K58>R$7,$L58>R$7),0,AND($K58<=R$7,$L58<=R$7),1,AND($K58<=R$7,$L58>R$7),((R$7-$K58)/($L58-$K58)))} -> #REF! | T58: {=_xlfn.IFS(AND($K58>S$7,$L58>S$7),0,AND($K58<=S$7,$L58<=S$7),1,AND($K58<=S$7,$L58>S$7),((S$7-$K58)/($L58-$K58)))} -> #REF! | U58: {=_xlfn.IFS(AND($K58>T$7,$L58>T$7),0,AND($K58<=T$7,$L58<=T$7),1,AND($K58<=T$7,$L58>T$7),((T$7-$K58)/($L58-$K58)))} -> #REF! | V58: {=_xlfn.IFS(AND($K58>U$7,$L58>U$7),0,AND($K58<=U$7,$L58<=U$7),1,AND($K58<=U$7,$L58>U$7),((U$7-$K58)/($L58-$K58)))} -> #REF! | W58: {=_xlfn.IFS(AND($K58>V$7,$L58>V$7),0,AND($K58<=V$7,$L58<=V$7),1,AND($K58<=V$7,$L58>V$7),((V$7-$K58)/($L58-$K58)))} -> #REF! | X58: {=_xlfn.IFS(AND($K58>W$7,$L58>W$7),0,AND($K58<=W$7,$L58<=W$7),1,AND($K58<=W$7,$L58>W$7),((W$7-$K58)/($L58-$K58)))} -> #REF! | Y58: {=_xlfn.IFS(AND($K58>X$7,$L58>X$7),0,AND($K58<=X$7,$L58<=X$7),1,AND($K58<=X$7,$L58>X$7),((X$7-$K58)/($L58-$K58)))} -> #REF! | Z58: {=_xlfn.IFS(AND($K58>Y$7,$L58>Y$7),0,AND($K58<=Y$7,$L58<=Y$7),1,AND($K58<=Y$7,$L58>Y$7),((Y$7-$K58)/($L58-$K58)))} -> #REF! | ... BN58: {=_xlfn.IFS(AND($K58>BM$7,$L58>BM$7),0,AND($K58<=BM$7,$L58<=BM$7),1,AND($K58<=BM$7,$L58>BM$7),((BM$7-$K58)/($L58-$K58)))} -> #REF!
B59: Nível 5 | C59: 1.3.1.1.12 | E59: =$H$45 -> Desenvolvimento da Transformação dos Processos | F59: =$H$46 -> Diagnóstico de Maturidade do Processo | G59: =$H$47 -> Diagnóstico de Maturidade do Processo | H59: Diagnóstico do processo de Gestão de EoR | I59: 45838 | J59: 45842 | K59: 45838 | L59: 45842 | N59: {=_xlfn.IFS(L59<$M$3,"Concluído",AND(K59>=$M$3,I59<$M$3,L59>$M$3),"Em andamento",AND(L59>=$M$3,J59<$M$3),"Atrasado",AND(L59>=$M$3,J59>=$M$3,I59>$M$3,K59<=$M$3),"Em andamento",AND(L59>=$M$3,J59>=$M$3,I59<=$M$3,K59<=$M$3),"Em andamento",AND(K59>$M$3,I59>$M$3),"Não iniciado",AND(L59>=$M$3,J59>=$M$3,K59>=$M$3,I59<$M$3),"Atrasado",AND(L59>=$M$3,J59>=$M$3,K59>=$M$3,I59>$M$3),"Não iniciado",AND($I59<=$M$3,$K59>$M$3),"Atrasado")} -> Concluído | O59: {=_xlfn.IFS(N59="Não iniciado",0,N59="Em andamento",1,N59="Concluído",2,N59="Atrasado",3)} -> 2 | Q59: {=_xlfn.IFS(AND($I59<$N$3,$J59<$N$3),1,AND($I59<=$N$3,$J59>=$N$3),0.5,AND($I59>=$N$3,$J59>=$N$3),0)} -> 1 | R59: {=_xlfn.IFS(AND($K59<$N$3,$L59<$N$3),1,AND($K59<=$N$3,$L59>=$N$3),0.5,AND($K59>=$N$3,$L59>=$N$3),0)} -> 1 | S59: {=_xlfn.IFS(AND($K59>R$7,$L59>R$7),0,AND($K59<=R$7,$L59<=R$7),1,AND($K59<=R$7,$L59>R$7),((R$7-$K59)/($L59-$K59)))} -> #REF! | T59: {=_xlfn.IFS(AND($K59>S$7,$L59>S$7),0,AND($K59<=S$7,$L59<=S$7),1,AND($K59<=S$7,$L59>S$7),((S$7-$K59)/($L59-$K59)))} -> #REF! | U59: {=_xlfn.IFS(AND($K59>T$7,$L59>T$7),0,AND($K59<=T$7,$L59<=T$7),1,AND($K59<=T$7,$L59>T$7),((T$7-$K59)/($L59-$K59)))} -> #REF! | V59: {=_xlfn.IFS(AND($K59>U$7,$L59>U$7),0,AND($K59<=U$7,$L59<=U$7),1,AND($K59<=U$7,$L59>U$7),((U$7-$K59)/($L59-$K59)))} -> #REF! | W59: {=_xlfn.IFS(AND($K59>V$7,$L59>V$7),0,AND($K59<=V$7,$L59<=V$7),1,AND($K59<=V$7,$L59>V$7),((V$7-$K59)/($L59-$K59)))} -> #REF! | X59: {=_xlfn.IFS(AND($K59>W$7,$L59>W$7),0,AND($K59<=W$7,$L59<=W$7),1,AND($K59<=W$7,$L59>W$7),((W$7-$K59)/($L59-$K59)))} -> #REF! | Y59: {=_xlfn.IFS(AND($K59>X$7,$L59>X$7),0,AND($K59<=X$7,$L59<=X$7),1,AND($K59<=X$7,$L59>X$7),((X$7-$K59)/($L59-$K59)))} -> #REF! | Z59: {=_xlfn.IFS(AND($K59>Y$7,$L59>Y$7),0,AND($K59<=Y$7,$L59<=Y$7),1,AND($K59<=Y$7,$L59>Y$7),((Y$7-$K59)/($L59-$K59)))} -> #REF! | ... BN59: {=_xlfn.IFS(AND($K59>BM$7,$L59>BM$7),0,AND($K59<=BM$7,$L59<=BM$7),1,AND($K59<=BM$7,$L59>BM$7),((BM$7-$K59)/($L59-$K59)))} -> #REF!
B60: Nível 5 | C60: 1.3.1.1.13 | E60: =$H$45 -> Desenvolvimento da Transformação dos Processos | F60: =$H$46 -> Diagnóstico de Maturidade do Processo | G60: =$H$47 -> Diagnóstico de Maturidade do Processo | H60: Diagnóstico do processo de Gestão e Elaboração de estudos relacionados às Barragens e Pilhas | I60: 45838 | J60: 45842 | K60: 45838 | L60: 45842 | N60: {=_xlfn.IFS(L60<$M$3,"Concluído",AND(K60>=$M$3,I60<$M$3,L60>$M$3),"Em andamento",AND(L60>=$M$3,J60<$M$3),"Atrasado",AND(L60>=$M$3,J60>=$M$3,I60>$M$3,K60<=$M$3),"Em andamento",AND(L60>=$M$3,J60>=$M$3,I60<=$M$3,K60<=$M$3),"Em andamento",AND(K60>$M$3,I60>$M$3),"Não iniciado",AND(L60>=$M$3,J60>=$M$3,K60>=$M$3,I60<$M$3),"Atrasado",AND(L60>=$M$3,J60>=$M$3,K60>=$M$3,I60>$M$3),"Não iniciado",AND($I60<=$M$3,$K60>$M$3),"Atrasado")} -> Concluído | O60: {=_xlfn.IFS(N60="Não iniciado",0,N60="Em andamento",1,N60="Concluído",2,N60="Atrasado",3)} -> 2 | Q60: {=_xlfn.IFS(AND($I60<$N$3,$J60<$N$3),1,AND($I60<=$N$3,$J60>=$N$3),0.5,AND($I60>=$N$3,$J60>=$N$3),0)} -> 1 | R60: {=_xlfn.IFS(AND($K60<$N$3,$L60<$N$3),1,AND($K60<=$N$3,$L60>=$N$3),0.5,AND($K60>=$N$3,$L60>=$N$3),0)} -> 1 | S60: {=_xlfn.IFS(AND($K60>R$7,$L60>R$7),0,AND($K60<=R$7,$L60<=R$7),1,AND($K60<=R$7,$L60>R$7),((R$7-$K60)/($L60-$K60)))} -> #REF! | T60: {=_xlfn.IFS(AND($K60>S$7,$L60>S$7),0,AND($K60<=S$7,$L60<=S$7),1,AND($K60<=S$7,$L60>S$7),((S$7-$K60)/($L60-$K60)))} -> #REF! | U60: {=_xlfn.IFS(AND($K60>T$7,$L60>T$7),0,AND($K60<=T$7,$L60<=T$7),1,AND($K60<=T$7,$L60>T$7),((T$7-$K60)/($L60-$K60)))} -> #REF! | V60: {=_xlfn.IFS(AND($K60>U$7,$L60>U$7),0,AND($K60<=U$7,$L60<=U$7),1,AND($K60<=U$7,$L60>U$7),((U$7-$K60)/($L60-$K60)))} -> #REF! | W60: {=_xlfn.IFS(AND($K60>V$7,$L60>V$7),0,AND($K60<=V$7,$L60<=V$7),1,AND($K60<=V$7,$L60>V$7),((V$7-$K60)/($L60-$K60)))} -> #REF! | X60: {=_xlfn.IFS(AND($K60>W$7,$L60>W$7),0,AND($K60<=W$7,$L60<=W$7),1,AND($K60<=W$7,$L60>W$7),((W$7-$K60)/($L60-$K60)))} -> #REF! | Y60: {=_xlfn.IFS(AND($K60>X$7,$L60>X$7),0,AND($K60<=X$7,$L60<=X$7),1,AND($K60<=X$7,$L60>X$7),((X$7-$K60)/($L60-$K60)))} -> #REF! | Z60: {=_xlfn.IFS(AND($K60>Y$7,$L60>Y$7),0,AND($K60<=Y$7,$L60<=Y$7),1,AND($K60<=Y$7,$L60>Y$7),((Y$7-$K60)/($L60-$K60)))} -> #REF! | ... BN60: {=_xlfn.IFS(AND($K60>BM$7,$L60>BM$7),0,AND($K60<=BM$7,$L60<=BM$7),1,AND($K60<=BM$7,$L60>BM$7),((BM$7-$K60)/($L60-$K60)))} -> #REF!
B61: Nível 5 | C61: 1.3.1.1.14 | E61: =$H$45 -> Desenvolvimento da Transformação dos Processos | F61: =$H$46 -> Diagnóstico de Maturidade do Processo | G61: =$H$47 -> Diagnóstico de Maturidade do Processo | H61: Diagnóstico do processo de Avaliação e garantia da adesão dos mapas à legislação | I61: 45873 | J61: 45877 | K61: 45873 | L61: 45877 | N61: {=_xlfn.IFS(L61<$M$3,"Concluído",AND(K61>=$M$3,I61<$M$3,L61>$M$3),"Em andamento",AND(L61>=$M$3,J61<$M$3),"Atrasado",AND(L61>=$M$3,J61>=$M$3,I61>$M$3,K61<=$M$3),"Em andamento",AND(L61>=$M$3,J61>=$M$3,I61<=$M$3,K61<=$M$3),"Em andamento",AND(K61>$M$3,I61>$M$3),"Não iniciado",AND(L61>=$M$3,J61>=$M$3,K61>=$M$3,I61<$M$3),"Atrasado",AND(L61>=$M$3,J61>=$M$3,K61>=$M$3,I61>$M$3),"Não iniciado",AND($I61<=$M$3,$K61>$M$3),"Atrasado")} -> Concluído | O61: {=_xlfn.IFS(N61="Não iniciado",0,N61="Em andamento",1,N61="Concluído",2,N61="Atrasado",3)} -> 2 | Q61: {=_xlfn.IFS(AND($I61<$N$3,$J61<$N$3),1,AND($I61<=$N$3,$J61>=$N$3),0.5,AND($I61>=$N$3,$J61>=$N$3),0)} -> 1 | R61: {=_xlfn.IFS(AND($K61<$N$3,$L61<$N$3),1,AND($K61<=$N$3,$L61>=$N$3),0.5,AND($K61>=$N$3,$L61>=$N$3),0)} -> 1 | S61: {=_xlfn.IFS(AND($K61>R$7,$L61>R$7),0,AND($K61<=R$7,$L61<=R$7),1,AND($K61<=R$7,$L61>R$7),((R$7-$K61)/($L61-$K61)))} -> #REF! | T61: {=_xlfn.IFS(AND($K61>S$7,$L61>S$7),0,AND($K61<=S$7,$L61<=S$7),1,AND($K61<=S$7,$L61>S$7),((S$7-$K61)/($L61-$K61)))} -> #REF! | U61: {=_xlfn.IFS(AND($K61>T$7,$L61>T$7),0,AND($K61<=T$7,$L61<=T$7),1,AND($K61<=T$7,$L61>T$7),((T$7-$K61)/($L61-$K61)))} -> #REF! | V61: {=_xlfn.IFS(AND($K61>U$7,$L61>U$7),0,AND($K61<=U$7,$L61<=U$7),1,AND($K61<=U$7,$L61>U$7),((U$7-$K61)/($L61-$K61)))} -> #REF! | W61: {=_xlfn.IFS(AND($K61>V$7,$L61>V$7),0,AND($K61<=V$7,$L61<=V$7),1,AND($K61<=V$7,$L61>V$7),((V$7-$K61)/($L61-$K61)))} -> #REF! | X61: {=_xlfn.IFS(AND($K61>W$7,$L61>W$7),0,AND($K61<=W$7,$L61<=W$7),1,AND($K61<=W$7,$L61>W$7),((W$7-$K61)/($L61-$K61)))} -> #REF! | Y61: {=_xlfn.IFS(AND($K61>X$7,$L61>X$7),0,AND($K61<=X$7,$L61<=X$7),1,AND($K61<=X$7,$L61>X$7),((X$7-$K61)/($L61-$K61)))} -> #REF! | Z61: {=_xlfn.IFS(AND($K61>Y$7,$L61>Y$7),0,AND($K61<=Y$7,$L61<=Y$7),1,AND($K61<=Y$7,$L61>Y$7),((Y$7-$K61)/($L61-$K61)))} -> #REF! | ... BN61: {=_xlfn.IFS(AND($K61>BM$7,$L61>BM$7),0,AND($K61<=BM$7,$L61<=BM$7),1,AND($K61<=BM$7,$L61>BM$7),((BM$7-$K61)/($L61-$K61)))} -> #REF!
B62: Nível 5 | C62: 1.3.1.1.15 | E62: =$H$45 -> Desenvolvimento da Transformação dos Processos | F62: =$H$46 -> Diagnóstico de Maturidade do Processo | G62: =$H$47 -> Diagnóstico de Maturidade do Processo | H62: Diagnóstico do processo de Planejamento e Gestão de Simulados e Treinamentos | I62: 45873 | J62: 45877 | K62: 45873 | L62: 45877 | N62: {=_xlfn.IFS(L62<$M$3,"Concluído",AND(K62>=$M$3,I62<$M$3,L62>$M$3),"Em andamento",AND(L62>=$M$3,J62<$M$3),"Atrasado",AND(L62>=$M$3,J62>=$M$3,I62>$M$3,K62<=$M$3),"Em andamento",AND(L62>=$M$3,J62>=$M$3,I62<=$M$3,K62<=$M$3),"Em andamento",AND(K62>$M$3,I62>$M$3),"Não iniciado",AND(L62>=$M$3,J62>=$M$3,K62>=$M$3,I62<$M$3),"Atrasado",AND(L62>=$M$3,J62>=$M$3,K62>=$M$3,I62>$M$3),"Não iniciado",AND($I62<=$M$3,$K62>$M$3),"Atrasado")} -> Concluído | O62: {=_xlfn.IFS(N62="Não iniciado",0,N62="Em andamento",1,N62="Concluído",2,N62="Atrasado",3)} -> 2 | Q62: {=_xlfn.IFS(AND($I62<$N$3,$J62<$N$3),1,AND($I62<=$N$3,$J62>=$N$3),0.5,AND($I62>=$N$3,$J62>=$N$3),0)} -> 1 | R62: {=_xlfn.IFS(AND($K62<$N$3,$L62<$N$3),1,AND($K62<=$N$3,$L62>=$N$3),0.5,AND($K62>=$N$3,$L62>=$N$3),0)} -> 1 | S62: {=_xlfn.IFS(AND($K62>R$7,$L62>R$7),0,AND($K62<=R$7,$L62<=R$7),1,AND($K62<=R$7,$L62>R$7),((R$7-$K62)/($L62-$K62)))} -> #REF! | T62: {=_xlfn.IFS(AND($K62>S$7,$L62>S$7),0,AND($K62<=S$7,$L62<=S$7),1,AND($K62<=S$7,$L62>S$7),((S$7-$K62)/($L62-$K62)))} -> #REF! | U62: {=_xlfn.IFS(AND($K62>T$7,$L62>T$7),0,AND($K62<=T$7,$L62<=T$7),1,AND($K62<=T$7,$L62>T$7),((T$7-$K62)/($L62-$K62)))} -> #REF! | V62: {=_xlfn.IFS(AND($K62>U$7,$L62>U$7),0,AND($K62<=U$7,$L62<=U$7),1,AND($K62<=U$7,$L62>U$7),((U$7-$K62)/($L62-$K62)))} -> #REF! | W62: {=_xlfn.IFS(AND($K62>V$7,$L62>V$7),0,AND($K62<=V$7,$L62<=V$7),1,AND($K62<=V$7,$L62>V$7),((V$7-$K62)/($L62-$K62)))} -> #REF! | X62: {=_xlfn.IFS(AND($K62>W$7,$L62>W$7),0,AND($K62<=W$7,$L62<=W$7),1,AND($K62<=W$7,$L62>W$7),((W$7-$K62)/($L62-$K62)))} -> #REF! | Y62: {=_xlfn.IFS(AND($K62>X$7,$L62>X$7),0,AND($K62<=X$7,$L62<=X$7),1,AND($K62<=X$7,$L62>X$7),((X$7-$K62)/($L62-$K62)))} -> #REF! | Z62: {=_xlfn.IFS(AND($K62>Y$7,$L62>Y$7),0,AND($K62<=Y$7,$L62<=Y$7),1,AND($K62<=Y$7,$L62>Y$7),((Y$7-$K62)/($L62-$K62)))} -> #REF! | ... BN62: {=_xlfn.IFS(AND($K62>BM$7,$L62>BM$7),0,AND($K62<=BM$7,$L62<=BM$7),1,AND($K62<=BM$7,$L62>BM$7),((BM$7-$K62)/($L62-$K62)))} -> #REF!
B63: Nível 5 | C63: 1.3.1.1.16 | E63: =$H$45 -> Desenvolvimento da Transformação dos Processos | F63: =$H$46 -> Diagnóstico de Maturidade do Processo | G63: =$H$47 -> Diagnóstico de Maturidade do Processo | H63: Diagnóstico do processo Gestão de ACO/DCO | I63: 45873 | J63: 45877 | K63: 45873 | L63: 45877 | N63: {=_xlfn.IFS(L63<$M$3,"Concluído",AND(K63>=$M$3,I63<$M$3,L63>$M$3),"Em andamento",AND(L63>=$M$3,J63<$M$3),"Atrasado",AND(L63>=$M$3,J63>=$M$3,I63>$M$3,K63<=$M$3),"Em andamento",AND(L63>=$M$3,J63>=$M$3,I63<=$M$3,K63<=$M$3),"Em andamento",AND(K63>$M$3,I63>$M$3),"Não iniciado",AND(L63>=$M$3,J63>=$M$3,K63>=$M$3,I63<$M$3),"Atrasado",AND(L63>=$M$3,J63>=$M$3,K63>=$M$3,I63>$M$3),"Não iniciado",AND($I63<=$M$3,$K63>$M$3),"Atrasado")} -> Concluído | O63: {=_xlfn.IFS(N63="Não iniciado",0,N63="Em andamento",1,N63="Concluído",2,N63="Atrasado",3)} -> 2 | Q63: {=_xlfn.IFS(AND($I63<$N$3,$J63<$N$3),1,AND($I63<=$N$3,$J63>=$N$3),0.5,AND($I63>=$N$3,$J63>=$N$3),0)} -> 1 | R63: {=_xlfn.IFS(AND($K63<$N$3,$L63<$N$3),1,AND($K63<=$N$3,$L63>=$N$3),0.5,AND($K63>=$N$3,$L63>=$N$3),0)} -> 1 | S63: {=_xlfn.IFS(AND($K63>R$7,$L63>R$7),0,AND($K63<=R$7,$L63<=R$7),1,AND($K63<=R$7,$L63>R$7),((R$7-$K63)/($L63-$K63)))} -> #REF! | T63: {=_xlfn.IFS(AND($K63>S$7,$L63>S$7),0,AND($K63<=S$7,$L63<=S$7),1,AND($K63<=S$7,$L63>S$7),((S$7-$K63)/($L63-$K63)))} -> #REF! | U63: {=_xlfn.IFS(AND($K63>T$7,$L63>T$7),0,AND($K63<=T$7,$L63<=T$7),1,AND($K63<=T$7,$L63>T$7),((T$7-$K63)/($L63-$K63)))} -> #REF! | V63: {=_xlfn.IFS(AND($K63>U$7,$L63>U$7),0,AND($K63<=U$7,$L63<=U$7),1,AND($K63<=U$7,$L63>U$7),((U$7-$K63)/($L63-$K63)))} -> #REF! | W63: {=_xlfn.IFS(AND($K63>V$7,$L63>V$7),0,AND($K63<=V$7,$L63<=V$7),1,AND($K63<=V$7,$L63>V$7),((V$7-$K63)/($L63-$K63)))} -> #REF! | X63: {=_xlfn.IFS(AND($K63>W$7,$L63>W$7),0,AND($K63<=W$7,$L63<=W$7),1,AND($K63<=W$7,$L63>W$7),((W$7-$K63)/($L63-$K63)))} -> #REF! | Y63: {=_xlfn.IFS(AND($K63>X$7,$L63>X$7),0,AND($K63<=X$7,$L63<=X$7),1,AND($K63<=X$7,$L63>X$7),((X$7-$K63)/($L63-$K63)))} -> #REF! | Z63: {=_xlfn.IFS(AND($K63>Y$7,$L63>Y$7),0,AND($K63<=Y$7,$L63<=Y$7),1,AND($K63<=Y$7,$L63>Y$7),((Y$7-$K63)/($L63-$K63)))} -> #REF! | ... BN63: {=_xlfn.IFS(AND($K63>BM$7,$L63>BM$7),0,AND($K63<=BM$7,$L63<=BM$7),1,AND($K63<=BM$7,$L63>BM$7),((BM$7-$K63)/($L63-$K63)))} -> #REF!
B64: Nível 5 | C64: 1.3.1.1.17 | E64: =$H$45 -> Desenvolvimento da Transformação dos Processos | F64: =$H$46 -> Diagnóstico de Maturidade do Processo | G64: =$H$47 -> Diagnóstico de Maturidade do Processo | H64: Diagnóstico do processo de Elaboração de Projetos Geotécnicos (FEL01) | I64: 45901 | J64: 45905 | K64: 45901 | L64: 45905 | N64: {=_xlfn.IFS(L64<$M$3,"Concluído",AND(K64>=$M$3,I64<$M$3,L64>$M$3),"Em andamento",AND(L64>=$M$3,J64<$M$3),"Atrasado",AND(L64>=$M$3,J64>=$M$3,I64>$M$3,K64<=$M$3),"Em andamento",AND(L64>=$M$3,J64>=$M$3,I64<=$M$3,K64<=$M$3),"Em andamento",AND(K64>$M$3,I64>$M$3),"Não iniciado",AND(L64>=$M$3,J64>=$M$3,K64>=$M$3,I64<$M$3),"Atrasado",AND(L64>=$M$3,J64>=$M$3,K64>=$M$3,I64>$M$3),"Não iniciado",AND($I64<=$M$3,$K64>$M$3),"Atrasado")} -> Concluído | O64: {=_xlfn.IFS(N64="Não iniciado",0,N64="Em andamento",1,N64="Concluído",2,N64="Atrasado",3)} -> 2 | Q64: {=_xlfn.IFS(AND($I64<$N$3,$J64<$N$3),1,AND($I64<=$N$3,$J64>=$N$3),0.5,AND($I64>=$N$3,$J64>=$N$3),0)} -> 1 | R64: {=_xlfn.IFS(AND($K64<$N$3,$L64<$N$3),1,AND($K64<=$N$3,$L64>=$N$3),0.5,AND($K64>=$N$3,$L64>=$N$3),0)} -> 1 | S64: {=_xlfn.IFS(AND($K64>R$7,$L64>R$7),0,AND($K64<=R$7,$L64<=R$7),1,AND($K64<=R$7,$L64>R$7),((R$7-$K64)/($L64-$K64)))} -> #REF! | T64: {=_xlfn.IFS(AND($K64>S$7,$L64>S$7),0,AND($K64<=S$7,$L64<=S$7),1,AND($K64<=S$7,$L64>S$7),((S$7-$K64)/($L64-$K64)))} -> #REF! | U64: {=_xlfn.IFS(AND($K64>T$7,$L64>T$7),0,AND($K64<=T$7,$L64<=T$7),1,AND($K64<=T$7,$L64>T$7),((T$7-$K64)/($L64-$K64)))} -> #REF! | V64: {=_xlfn.IFS(AND($K64>U$7,$L64>U$7),0,AND($K64<=U$7,$L64<=U$7),1,AND($K64<=U$7,$L64>U$7),((U$7-$K64)/($L64-$K64)))} -> #REF! | W64: {=_xlfn.IFS(AND($K64>V$7,$L64>V$7),0,AND($K64<=V$7,$L64<=V$7),1,AND($K64<=V$7,$L64>V$7),((V$7-$K64)/($L64-$K64)))} -> #REF! | X64: {=_xlfn.IFS(AND($K64>W$7,$L64>W$7),0,AND($K64<=W$7,$L64<=W$7),1,AND($K64<=W$7,$L64>W$7),((W$7-$K64)/($L64-$K64)))} -> #REF! | Y64: {=_xlfn.IFS(AND($K64>X$7,$L64>X$7),0,AND($K64<=X$7,$L64<=X$7),1,AND($K64<=X$7,$L64>X$7),((X$7-$K64)/($L64-$K64)))} -> #REF! | Z64: {=_xlfn.IFS(AND($K64>Y$7,$L64>Y$7),0,AND($K64<=Y$7,$L64<=Y$7),1,AND($K64<=Y$7,$L64>Y$7),((Y$7-$K64)/($L64-$K64)))} -> #REF! | ... BN64: {=_xlfn.IFS(AND($K64>BM$7,$L64>BM$7),0,AND($K64<=BM$7,$L64<=BM$7),1,AND($K64<=BM$7,$L64>BM$7),((BM$7-$K64)/($L64-$K64)))} -> #REF!
B65: Nível 5 | C65: 1.3.1.1.18 | E65: =$H$45 -> Desenvolvimento da Transformação dos Processos | F65: =$H$46 -> Diagnóstico de Maturidade do Processo | G65: =$H$47 -> Diagnóstico de Maturidade do Processo | H65: Diagnóstico do processo de Gestão de Contratadas para Manutenção e Monitoramento das Estruturas | I65: 45901 | J65: 45905 | K65: 45901 | L65: 45905 | N65: {=_xlfn.IFS(L65<$M$3,"Concluído",AND(K65>=$M$3,I65<$M$3,L65>$M$3),"Em andamento",AND(L65>=$M$3,J65<$M$3),"Atrasado",AND(L65>=$M$3,J65>=$M$3,I65>$M$3,K65<=$M$3),"Em andamento",AND(L65>=$M$3,J65>=$M$3,I65<=$M$3,K65<=$M$3),"Em andamento",AND(K65>$M$3,I65>$M$3),"Não iniciado",AND(L65>=$M$3,J65>=$M$3,K65>=$M$3,I65<$M$3),"Atrasado",AND(L65>=$M$3,J65>=$M$3,K65>=$M$3,I65>$M$3),"Não iniciado",AND($I65<=$M$3,$K65>$M$3),"Atrasado")} -> Concluído | O65: {=_xlfn.IFS(N65="Não iniciado",0,N65="Em andamento",1,N65="Concluído",2,N65="Atrasado",3)} -> 2 | Q65: {=_xlfn.IFS(AND($I65<$N$3,$J65<$N$3),1,AND($I65<=$N$3,$J65>=$N$3),0.5,AND($I65>=$N$3,$J65>=$N$3),0)} -> 1 | R65: {=_xlfn.IFS(AND($K65<$N$3,$L65<$N$3),1,AND($K65<=$N$3,$L65>=$N$3),0.5,AND($K65>=$N$3,$L65>=$N$3),0)} -> 1 | S65: {=_xlfn.IFS(AND($K65>R$7,$L65>R$7),0,AND($K65<=R$7,$L65<=R$7),1,AND($K65<=R$7,$L65>R$7),((R$7-$K65)/($L65-$K65)))} -> #REF! | T65: {=_xlfn.IFS(AND($K65>S$7,$L65>S$7),0,AND($K65<=S$7,$L65<=S$7),1,AND($K65<=S$7,$L65>S$7),((S$7-$K65)/($L65-$K65)))} -> #REF! | U65: {=_xlfn.IFS(AND($K65>T$7,$L65>T$7),0,AND($K65<=T$7,$L65<=T$7),1,AND($K65<=T$7,$L65>T$7),((T$7-$K65)/($L65-$K65)))} -> #REF! | V65: {=_xlfn.IFS(AND($K65>U$7,$L65>U$7),0,AND($K65<=U$7,$L65<=U$7),1,AND($K65<=U$7,$L65>U$7),((U$7-$K65)/($L65-$K65)))} -> #REF! | W65: {=_xlfn.IFS(AND($K65>V$7,$L65>V$7),0,AND($K65<=V$7,$L65<=V$7),1,AND($K65<=V$7,$L65>V$7),((V$7-$K65)/($L65-$K65)))} -> #REF! | X65: {=_xlfn.IFS(AND($K65>W$7,$L65>W$7),0,AND($K65<=W$7,$L65<=W$7),1,AND($K65<=W$7,$L65>W$7),((W$7-$K65)/($L65-$K65)))} -> #REF! | Y65: {=_xlfn.IFS(AND($K65>X$7,$L65>X$7),0,AND($K65<=X$7,$L65<=X$7),1,AND($K65<=X$7,$L65>X$7),((X$7-$K65)/($L65-$K65)))} -> #REF! | Z65: {=_xlfn.IFS(AND($K65>Y$7,$L65>Y$7),0,AND($K65<=Y$7,$L65<=Y$7),1,AND($K65<=Y$7,$L65>Y$7),((Y$7-$K65)/($L65-$K65)))} -> #REF! | ... BN65: {=_xlfn.IFS(AND($K65>BM$7,$L65>BM$7),0,AND($K65<=BM$7,$L65<=BM$7),1,AND($K65<=BM$7,$L65>BM$7),((BM$7-$K65)/($L65-$K65)))} -> #REF!
B66: Nível 5 | C66: 1.3.1.1.19 | E66: =$H$45 -> Desenvolvimento da Transformação dos Processos | F66: =$H$46 -> Diagnóstico de Maturidade do Processo | G66: =$H$47 -> Diagnóstico de Maturidade do Processo | H66: Diagnóstico do processo de Avaliação e Garantia da Adesão aos requisitos PNSB, PESB, CEDEC e demais regulamentações vigentes | I66: 45901 | J66: 45905 | K66: 45901 | L66: 45905 | N66: {=_xlfn.IFS(L66<$M$3,"Concluído",AND(K66>=$M$3,I66<$M$3,L66>$M$3),"Em andamento",AND(L66>=$M$3,J66<$M$3),"Atrasado",AND(L66>=$M$3,J66>=$M$3,I66>$M$3,K66<=$M$3),"Em andamento",AND(L66>=$M$3,J66>=$M$3,I66<=$M$3,K66<=$M$3),"Em andamento",AND(K66>$M$3,I66>$M$3),"Não iniciado",AND(L66>=$M$3,J66>=$M$3,K66>=$M$3,I66<$M$3),"Atrasado",AND(L66>=$M$3,J66>=$M$3,K66>=$M$3,I66>$M$3),"Não iniciado",AND($I66<=$M$3,$K66>$M$3),"Atrasado")} -> Concluído | O66: {=_xlfn.IFS(N66="Não iniciado",0,N66="Em andamento",1,N66="Concluído",2,N66="Atrasado",3)} -> 2 | Q66: {=_xlfn.IFS(AND($I66<$N$3,$J66<$N$3),1,AND($I66<=$N$3,$J66>=$N$3),0.5,AND($I66>=$N$3,$J66>=$N$3),0)} -> 1 | R66: {=_xlfn.IFS(AND($K66<$N$3,$L66<$N$3),1,AND($K66<=$N$3,$L66>=$N$3),0.5,AND($K66>=$N$3,$L66>=$N$3),0)} -> 1 | S66: {=_xlfn.IFS(AND($K66>R$7,$L66>R$7),0,AND($K66<=R$7,$L66<=R$7),1,AND($K66<=R$7,$L66>R$7),((R$7-$K66)/($L66-$K66)))} -> #REF! | T66: {=_xlfn.IFS(AND($K66>S$7,$L66>S$7),0,AND($K66<=S$7,$L66<=S$7),1,AND($K66<=S$7,$L66>S$7),((S$7-$K66)/($L66-$K66)))} -> #REF! | U66: {=_xlfn.IFS(AND($K66>T$7,$L66>T$7),0,AND($K66<=T$7,$L66<=T$7),1,AND($K66<=T$7,$L66>T$7),((T$7-$K66)/($L66-$K66)))} -> #REF! | V66: {=_xlfn.IFS(AND($K66>U$7,$L66>U$7),0,AND($K66<=U$7,$L66<=U$7),1,AND($K66<=U$7,$L66>U$7),((U$7-$K66)/($L66-$K66)))} -> #REF! | W66: {=_xlfn.IFS(AND($K66>V$7,$L66>V$7),0,AND($K66<=V$7,$L66<=V$7),1,AND($K66<=V$7,$L66>V$7),((V$7-$K66)/($L66-$K66)))} -> #REF! | X66: {=_xlfn.IFS(AND($K66>W$7,$L66>W$7),0,AND($K66<=W$7,$L66<=W$7),1,AND($K66<=W$7,$L66>W$7),((W$7-$K66)/($L66-$K66)))} -> #REF! | Y66: {=_xlfn.IFS(AND($K66>X$7,$L66>X$7),0,AND($K66<=X$7,$L66<=X$7),1,AND($K66<=X$7,$L66>X$7),((X$7-$K66)/($L66-$K66)))} -> #REF! | Z66: {=_xlfn.IFS(AND($K66>Y$7,$L66>Y$7),0,AND($K66<=Y$7,$L66<=Y$7),1,AND($K66<=Y$7,$L66>Y$7),((Y$7-$K66)/($L66-$K66)))} -> #REF! | ... BN66: {=_xlfn.IFS(AND($K66>BM$7,$L66>BM$7),0,AND($K66<=BM$7,$L66<=BM$7),1,AND($K66<=BM$7,$L66>BM$7),((BM$7-$K66)/($L66-$K66)))} -> #REF!
B67: Nível 5 | C67: 1.3.1.1.20 | E67: =$H$45 -> Desenvolvimento da Transformação dos Processos | F67: =$H$46 -> Diagnóstico de Maturidade do Processo | G67: =$H$47 -> Diagnóstico de Maturidade do Processo | H67: Diagnóstico do processo de gestão do monitoramento hídrico ambiental | I67: 45929 | J67: 45933 | K67: 45929 | L67: 45933 | N67: {=_xlfn.IFS(L67<$M$3,"Concluído",AND(K67>=$M$3,I67<$M$3,L67>$M$3),"Em andamento",AND(L67>=$M$3,J67<$M$3),"Atrasado",AND(L67>=$M$3,J67>=$M$3,I67>$M$3,K67<=$M$3),"Em andamento",AND(L67>=$M$3,J67>=$M$3,I67<=$M$3,K67<=$M$3),"Em andamento",AND(K67>$M$3,I67>$M$3),"Não iniciado",AND(L67>=$M$3,J67>=$M$3,K67>=$M$3,I67<$M$3),"Atrasado",AND(L67>=$M$3,J67>=$M$3,K67>=$M$3,I67>$M$3),"Não iniciado",AND($I67<=$M$3,$K67>$M$3),"Atrasado")} -> Concluído | O67: {=_xlfn.IFS(N67="Não iniciado",0,N67="Em andamento",1,N67="Concluído",2,N67="Atrasado",3)} -> 2 | Q67: {=_xlfn.IFS(AND($I67<$N$3,$J67<$N$3),1,AND($I67<=$N$3,$J67>=$N$3),0.5,AND($I67>=$N$3,$J67>=$N$3),0)} -> 1 | R67: {=_xlfn.IFS(AND($K67<$N$3,$L67<$N$3),1,AND($K67<=$N$3,$L67>=$N$3),0.5,AND($K67>=$N$3,$L67>=$N$3),0)} -> 1 | S67: {=_xlfn.IFS(AND($K67>R$7,$L67>R$7),0,AND($K67<=R$7,$L67<=R$7),1,AND($K67<=R$7,$L67>R$7),((R$7-$K67)/($L67-$K67)))} -> #REF! | T67: {=_xlfn.IFS(AND($K67>S$7,$L67>S$7),0,AND($K67<=S$7,$L67<=S$7),1,AND($K67<=S$7,$L67>S$7),((S$7-$K67)/($L67-$K67)))} -> #REF! | U67: {=_xlfn.IFS(AND($K67>T$7,$L67>T$7),0,AND($K67<=T$7,$L67<=T$7),1,AND($K67<=T$7,$L67>T$7),((T$7-$K67)/($L67-$K67)))} -> #REF! | V67: {=_xlfn.IFS(AND($K67>U$7,$L67>U$7),0,AND($K67<=U$7,$L67<=U$7),1,AND($K67<=U$7,$L67>U$7),((U$7-$K67)/($L67-$K67)))} -> #REF! | W67: {=_xlfn.IFS(AND($K67>V$7,$L67>V$7),0,AND($K67<=V$7,$L67<=V$7),1,AND($K67<=V$7,$L67>V$7),((V$7-$K67)/($L67-$K67)))} -> #REF! | X67: {=_xlfn.IFS(AND($K67>W$7,$L67>W$7),0,AND($K67<=W$7,$L67<=W$7),1,AND($K67<=W$7,$L67>W$7),((W$7-$K67)/($L67-$K67)))} -> #REF! | Y67: {=_xlfn.IFS(AND($K67>X$7,$L67>X$7),0,AND($K67<=X$7,$L67<=X$7),1,AND($K67<=X$7,$L67>X$7),((X$7-$K67)/($L67-$K67)))} -> #REF! | Z67: {=_xlfn.IFS(AND($K67>Y$7,$L67>Y$7),0,AND($K67<=Y$7,$L67<=Y$7),1,AND($K67<=Y$7,$L67>Y$7),((Y$7-$K67)/($L67-$K67)))} -> #REF! | ... BN67: {=_xlfn.IFS(AND($K67>BM$7,$L67>BM$7),0,AND($K67<=BM$7,$L67<=BM$7),1,AND($K67<=BM$7,$L67>BM$7),((BM$7-$K67)/($L67-$K67)))} -> #REF!
B68: Nível 5 | C68: 1.3.1.1.21 | E68: =$H$45 -> Desenvolvimento da Transformação dos Processos | F68: =$H$46 -> Diagnóstico de Maturidade do Processo | G68: =$H$47 -> Diagnóstico de Maturidade do Processo | H68: Diagnóstico do processo de Elaboração/Atualização dos Mapas de Risco Geotécnicos | I68: 45929 | J68: 45933 | K68: 45929 | L68: 45933 | N68: {=_xlfn.IFS(L68<$M$3,"Concluído",AND(K68>=$M$3,I68<$M$3,L68>$M$3),"Em andamento",AND(L68>=$M$3,J68<$M$3),"Atrasado",AND(L68>=$M$3,J68>=$M$3,I68>$M$3,K68<=$M$3),"Em andamento",AND(L68>=$M$3,J68>=$M$3,I68<=$M$3,K68<=$M$3),"Em andamento",AND(K68>$M$3,I68>$M$3),"Não iniciado",AND(L68>=$M$3,J68>=$M$3,K68>=$M$3,I68<$M$3),"Atrasado",AND(L68>=$M$3,J68>=$M$3,K68>=$M$3,I68>$M$3),"Não iniciado",AND($I68<=$M$3,$K68>$M$3),"Atrasado")} -> Concluído | O68: {=_xlfn.IFS(N68="Não iniciado",0,N68="Em andamento",1,N68="Concluído",2,N68="Atrasado",3)} -> 2 | Q68: {=_xlfn.IFS(AND($I68<$N$3,$J68<$N$3),1,AND($I68<=$N$3,$J68>=$N$3),0.5,AND($I68>=$N$3,$J68>=$N$3),0)} -> 1 | R68: {=_xlfn.IFS(AND($K68<$N$3,$L68<$N$3),1,AND($K68<=$N$3,$L68>=$N$3),0.5,AND($K68>=$N$3,$L68>=$N$3),0)} -> 1 | S68: {=_xlfn.IFS(AND($K68>R$7,$L68>R$7),0,AND($K68<=R$7,$L68<=R$7),1,AND($K68<=R$7,$L68>R$7),((R$7-$K68)/($L68-$K68)))} -> #REF! | T68: {=_xlfn.IFS(AND($K68>S$7,$L68>S$7),0,AND($K68<=S$7,$L68<=S$7),1,AND($K68<=S$7,$L68>S$7),((S$7-$K68)/($L68-$K68)))} -> #REF! | U68: {=_xlfn.IFS(AND($K68>T$7,$L68>T$7),0,AND($K68<=T$7,$L68<=T$7),1,AND($K68<=T$7,$L68>T$7),((T$7-$K68)/($L68-$K68)))} -> #REF! | V68: {=_xlfn.IFS(AND($K68>U$7,$L68>U$7),0,AND($K68<=U$7,$L68<=U$7),1,AND($K68<=U$7,$L68>U$7),((U$7-$K68)/($L68-$K68)))} -> #REF! | W68: {=_xlfn.IFS(AND($K68>V$7,$L68>V$7),0,AND($K68<=V$7,$L68<=V$7),1,AND($K68<=V$7,$L68>V$7),((V$7-$K68)/($L68-$K68)))} -> #REF! | X68: {=_xlfn.IFS(AND($K68>W$7,$L68>W$7),0,AND($K68<=W$7,$L68<=W$7),1,AND($K68<=W$7,$L68>W$7),((W$7-$K68)/($L68-$K68)))} -> #REF! | Y68: {=_xlfn.IFS(AND($K68>X$7,$L68>X$7),0,AND($K68<=X$7,$L68<=X$7),1,AND($K68<=X$7,$L68>X$7),((X$7-$K68)/($L68-$K68)))} -> #REF! | Z68: {=_xlfn.IFS(AND($K68>Y$7,$L68>Y$7),0,AND($K68<=Y$7,$L68<=Y$7),1,AND($K68<=Y$7,$L68>Y$7),((Y$7-$K68)/($L68-$K68)))} -> #REF! | ... BN68: {=_xlfn.IFS(AND($K68>BM$7,$L68>BM$7),0,AND($K68<=BM$7,$L68<=BM$7),1,AND($K68<=BM$7,$L68>BM$7),((BM$7-$K68)/($L68-$K68)))} -> #REF!
... B75: Nível 5 | C75: 1.3.1.1.28 | E75: =$H$45 -> Desenvolvimento da Transformação dos Processos | F75: =$H$46 -> Diagnóstico de Maturidade do Processo | G75: =$H$47 -> Diagnóstico de Maturidade do Processo | H75: Diagnóstico do processo de Planejamento e execução da manutenção das estruturas | I75: 45985 | J75: 45989 | K75: 45985 | L75: 45989 | N75: {=_xlfn.IFS(L75<$M$3,"Concluído",AND(K75>=$M$3,I75<$M$3,L75>$M$3),"Em andamento",AND(L75>=$M$3,J75<$M$3),"Atrasado",AND(L75>=$M$3,J75>=$M$3,I75>$M$3,K75<=$M$3),"Em andamento",AND(L75>=$M$3,J75>=$M$3,I75<=$M$3,K75<=$M$3),"Em andamento",AND(K75>$M$3,I75>$M$3),"Não iniciado",AND(L75>=$M$3,J75>=$M$3,K75>=$M$3,I75<$M$3),"Atrasado",AND(L75>=$M$3,J75>=$M$3,K75>=$M$3,I75>$M$3),"Não iniciado",AND($I75<=$M$3,$K75>$M$3),"Atrasado")} -> Concluído | O75: {=_xlfn.IFS(N75="Não iniciado",0,N75="Em andamento",1,N75="Concluído",2,N75="Atrasado",3)} -> 2 | Q75: {=_xlfn.IFS(AND($I75<$N$3,$J75<$N$3),1,AND($I75<=$N$3,$J75>=$N$3),0.5,AND($I75>=$N$3,$J75>=$N$3),0)} -> 1 | R75: {=_xlfn.IFS(AND($K75<$N$3,$L75<$N$3),1,AND($K75<=$N$3,$L75>=$N$3),0.5,AND($K75>=$N$3,$L75>=$N$3),0)} -> 1 | S75: {=_xlfn.IFS(AND($K75>R$7,$L75>R$7),0,AND($K75<=R$7,$L75<=R$7),1,AND($K75<=R$7,$L75>R$7),((R$7-$K75)/($L75-$K75)))} -> #REF! | T75: {=_xlfn.IFS(AND($K75>S$7,$L75>S$7),0,AND($K75<=S$7,$L75<=S$7),1,AND($K75<=S$7,$L75>S$7),((S$7-$K75)/($L75-$K75)))} -> #REF! | U75: {=_xlfn.IFS(AND($K75>T$7,$L75>T$7),0,AND($K75<=T$7,$L75<=T$7),1,AND($K75<=T$7,$L75>T$7),((T$7-$K75)/($L75-$K75)))} -> #REF! | V75: {=_xlfn.IFS(AND($K75>U$7,$L75>U$7),0,AND($K75<=U$7,$L75<=U$7),1,AND($K75<=U$7,$L75>U$7),((U$7-$K75)/($L75-$K75)))} -> #REF! | W75: {=_xlfn.IFS(AND($K75>V$7,$L75>V$7),0,AND($K75<=V$7,$L75<=V$7),1,AND($K75<=V$7,$L75>V$7),((V$7-$K75)/($L75-$K75)))} -> #REF! | X75: {=_xlfn.IFS(AND($K75>W$7,$L75>W$7),0,AND($K75<=W$7,$L75<=W$7),1,AND($K75<=W$7,$L75>W$7),((W$7-$K75)/($L75-$K75)))} -> #REF! | Y75: {=_xlfn.IFS(AND($K75>X$7,$L75>X$7),0,AND($K75<=X$7,$L75<=X$7),1,AND($K75<=X$7,$L75>X$7),((X$7-$K75)/($L75-$K75)))} -> #REF! | Z75: {=_xlfn.IFS(AND($K75>Y$7,$L75>Y$7),0,AND($K75<=Y$7,$L75<=Y$7),1,AND($K75<=Y$7,$L75>Y$7),((Y$7-$K75)/($L75-$K75)))} -> #REF! | ... BN75: {=_xlfn.IFS(AND($K75>BM$7,$L75>BM$7),0,AND($K75<=BM$7,$L75<=BM$7),1,AND($K75<=BM$7,$L75>BM$7),((BM$7-$K75)/($L75-$K75)))} -> #REF!
B76: {=_xlfn.IFS(LEN(Tab.baseline[[#This Row],[EAP]])=1,"Nível 1",LEN(Tab.baseline[[#This Row],[EAP]])=3,"Nível 2",LEN(Tab.baseline[[#This Row],[EAP]])=5,"Nível 3",LEN(Tab.baseline[[#This Row],[EAP]])=7,"Nível 4",LEN(Tab.baseline[[#This Row],[EAP]])=9,"Nível 5",LEN(Tab.baseline[[#This Row],[EAP]])=11,"Nível 6",LEN(Tab.baseline[[#This Row],[EAP]])=11,"Nível 7")} -> Nível 3 | C76: 1.3.2 | D76: =$H$11 -> Arquitetura de projetos GERDAU | E76: =$H$45 -> Desenvolvimento da Transformação dos Processos | F76: - | G76: - | H76: Modelagem To Be | I76: =I77 -> 45736 | J76: =J77 -> 45996 | K76: =K77 -> 45736 | L76: =L77 -> 45996 | N76: {=_xlfn.IFS(L76<$M$3,"Concluído",AND(K76>=$M$3,I76<$M$3,L76>$M$3),"Em andamento",AND(L76>=$M$3,J76<$M$3),"Atrasado",AND(L76>=$M$3,J76>=$M$3,I76>$M$3,K76<=$M$3),"Em andamento",AND(L76>=$M$3,J76>=$M$3,I76<=$M$3,K76<=$M$3),"Em andamento",AND(K76>$M$3,I76>$M$3),"Não iniciado",AND(L76>=$M$3,J76>=$M$3,K76>=$M$3,I76<$M$3),"Atrasado",AND(L76>=$M$3,J76>=$M$3,K76>=$M$3,I76>$M$3),"Não iniciado",AND($I76<=$M$3,$K76>$M$3),"Atrasado")} -> Concluído | O76: {=_xlfn.IFS(N76="Não iniciado",0,N76="Em andamento",1,N76="Concluído",2,N76="Atrasado",3)} -> 2 | Q76: =Q77 -> 1 | R76: =R77 -> 1 | S76: =S77 -> #REF! | T76: =T77 -> #REF! | U76: =U77 -> #REF! | V76: =V77 -> #REF! | W76: =W77 -> #REF! | X76: =X77 -> #REF! | ... BN76: =BN77 -> #REF!
B77: {=_xlfn.IFS(LEN(Tab.baseline[[#This Row],[EAP]])=1,"Nível 1",LEN(Tab.baseline[[#This Row],[EAP]])=3,"Nível 2",LEN(Tab.baseline[[#This Row],[EAP]])=5,"Nível 3",LEN(Tab.baseline[[#This Row],[EAP]])=7,"Nível 4",LEN(Tab.baseline[[#This Row],[EAP]])=9,"Nível 5",LEN(Tab.baseline[[#This Row],[EAP]])=11,"Nível 6",LEN(Tab.baseline[[#This Row],[EAP]])=11,"Nível 7")} -> Nível 4 | C77: 1.3.2.1 | E77: =$H$45 -> Desenvolvimento da Transformação dos Processos | F77: =$H$76 -> Modelagem To Be | H77: Modelagem To Be | I77: =MIN(I78:I107) -> 45736 | J77: =MAX(J78:J107) -> 45996 | K77: =MIN(K78:K107) -> 45736 | L77: =MAX(L78:L107) -> 45996 | N77: {=_xlfn.IFS(L77<$M$3,"Concluído",AND(K77>=$M$3,I77<$M$3,L77>$M$3),"Em andamento",AND(L77>=$M$3,J77<$M$3),"Atrasado",AND(L77>=$M$3,J77>=$M$3,I77>$M$3,K77<=$M$3),"Em andamento",AND(L77>=$M$3,J77>=$M$3,I77<=$M$3,K77<=$M$3),"Em andamento",AND(K77>$M$3,I77>$M$3),"Não iniciado",AND(L77>=$M$3,J77>=$M$3,K77>=$M$3,I77<$M$3),"Atrasado",AND(L77>=$M$3,J77>=$M$3,K77>=$M$3,I77>$M$3),"Não iniciado",AND($I77<=$M$3,$K77>$M$3),"Atrasado")} -> Concluído | O77: {=_xlfn.IFS(N77="Não iniciado",0,N77="Em andamento",1,N77="Concluído",2,N77="Atrasado",3)} -> 2 | Q77: =AVERAGE(Q78:Q107) -> 1 | R77: =AVERAGE(R78:R107) -> 1 | S77: =AVERAGE(S78:S107) -> #REF! | T77: =AVERAGE(T78:T107) -> #REF! | U77: =AVERAGE(U78:U107) -> #REF! | V77: =AVERAGE(V78:V107) -> #REF! | W77: =AVERAGE(W78:W107) -> #REF! | X77: =AVERAGE(X78:X107) -> #REF! | ... BN77: =AVERAGE(BN78:BN107) -> #REF!
B78: {=_xlfn.IFS(LEN(Tab.baseline[[#This Row],[EAP]])=1,"Nível 1",LEN(Tab.baseline[[#This Row],[EAP]])=3,"Nível 2",LEN(Tab.baseline[[#This Row],[EAP]])=5,"Nível 3",LEN(Tab.baseline[[#This Row],[EAP]])=7,"Nível 4",LEN(Tab.baseline[[#This Row],[EAP]])=9,"Nível 5",LEN(Tab.baseline[[#This Row],[EAP]])=11,"Nível 6",LEN(Tab.baseline[[#This Row],[EAP]])=11,"Nível 7")} -> Nível 5 | C78: 1.3.2.1.1 | E78: =$H$45 -> Desenvolvimento da Transformação dos Processos | F78: =$H$76 -> Modelagem To Be | G78: =$H$77 -> Modelagem To Be | H78: Modelagem (To Be) do processo de definição e verificação do sequenciamento da pilha | I78: 45736 | J78: 45744 | K78: 45736 | L78: 45744 | N78: {=_xlfn.IFS(L78<$M$3,"Concluído",AND(K78>=$M$3,I78<$M$3,L78>$M$3),"Em andamento",AND(L78>=$M$3,J78<$M$3),"Atrasado",AND(L78>=$M$3,J78>=$M$3,I78>$M$3,K78<=$M$3),"Em andamento",AND(L78>=$M$3,J78>=$M$3,I78<=$M$3,K78<=$M$3),"Em andamento",AND(K78>$M$3,I78>$M$3),"Não iniciado",AND(L78>=$M$3,J78>=$M$3,K78>=$M$3,I78<$M$3),"Atrasado",AND(L78>=$M$3,J78>=$M$3,K78>=$M$3,I78>$M$3),"Não iniciado",AND($I78<=$M$3,$K78>$M$3),"Atrasado")} -> Concluído | O78: {=_xlfn.IFS(N78="Não iniciado",0,N78="Em andamento",1,N78="Concluído",2,N78="Atrasado",3)} -> 2 | Q78: {=_xlfn.IFS(AND($I78<$N$3,$J78<$N$3),1,AND($I78<=$N$3,$J78>=$N$3),0.5,AND($I78>=$N$3,$J78>=$N$3),0)} -> 1 | R78: {=_xlfn.IFS(AND($K78<$N$3,$L78<$N$3),1,AND($K78<=$N$3,$L78>=$N$3),0.5,AND($K78>=$N$3,$L78>=$N$3),0)} -> 1 | S78: {=_xlfn.IFS(AND($K78>R$7,$L78>R$7),0,AND($K78<=R$7,$L78<=R$7),1,AND($K78<=R$7,$L78>R$7),((R$7-$K78)/($L78-$K78)))} -> #REF! | T78: {=_xlfn.IFS(AND($K78>S$7,$L78>S$7),0,AND($K78<=S$7,$L78<=S$7),1,AND($K78<=S$7,$L78>S$7),((S$7-$K78)/($L78-$K78)))} -> #REF! | U78: {=_xlfn.IFS(AND($K78>T$7,$L78>T$7),0,AND($K78<=T$7,$L78<=T$7),1,AND($K78<=T$7,$L78>T$7),((T$7-$K78)/($L78-$K78)))} -> #REF! | V78: {=_xlfn.IFS(AND($K78>U$7,$L78>U$7),0,AND($K78<=U$7,$L78<=U$7),1,AND($K78<=U$7,$L78>U$7),((U$7-$K78)/($L78-$K78)))} -> #REF! | W78: {=_xlfn.IFS(AND($K78>V$7,$L78>V$7),0,AND($K78<=V$7,$L78<=V$7),1,AND($K78<=V$7,$L78>V$7),((V$7-$K78)/($L78-$K78)))} -> #REF! | X78: {=_xlfn.IFS(AND($K78>W$7,$L78>W$7),0,AND($K78<=W$7,$L78<=W$7),1,AND($K78<=W$7,$L78>W$7),((W$7-$K78)/($L78-$K78)))} -> #REF! | Y78: {=_xlfn.IFS(AND($K78>X$7,$L78>X$7),0,AND($K78<=X$7,$L78<=X$7),1,AND($K78<=X$7,$L78>X$7),((X$7-$K78)/($L78-$K78)))} -> #REF! | Z78: {=_xlfn.IFS(AND($K78>Y$7,$L78>Y$7),0,AND($K78<=Y$7,$L78<=Y$7),1,AND($K78<=Y$7,$L78>Y$7),((Y$7-$K78)/($L78-$K78)))} -> #REF! | ... BN78: {=_xlfn.IFS(AND($K78>BM$7,$L78>BM$7),0,AND($K78<=BM$7,$L78<=BM$7),1,AND($K78<=BM$7,$L78>BM$7),((BM$7-$K78)/($L78-$K78)))} -> #REF!
B79: {=_xlfn.IFS(LEN(Tab.baseline[[#This Row],[EAP]])=1,"Nível 1",LEN(Tab.baseline[[#This Row],[EAP]])=3,"Nível 2",LEN(Tab.baseline[[#This Row],[EAP]])=5,"Nível 3",LEN(Tab.baseline[[#This Row],[EAP]])=7,"Nível 4",LEN(Tab.baseline[[#This Row],[EAP]])=9,"Nível 5",LEN(Tab.baseline[[#This Row],[EAP]])=11,"Nível 6",LEN(Tab.baseline[[#This Row],[EAP]])=11,"Nível 7")} -> Nível 5 | C79: 1.3.2.1.2 | E79: =$H$45 -> Desenvolvimento da Transformação dos Processos | F79: =$H$76 -> Modelagem To Be | G79: =$H$77 -> Modelagem To Be | H79: Modelagem (To Be) do processo de Elaboração e atualização dos PAEs e PAEBMs | I79: 45740 | J79: 45744 | K79: 45740 | L79: 45744 | N79: {=_xlfn.IFS(L79<$M$3,"Concluído",AND(K79>=$M$3,I79<$M$3,L79>$M$3),"Em andamento",AND(L79>=$M$3,J79<$M$3),"Atrasado",AND(L79>=$M$3,J79>=$M$3,I79>$M$3,K79<=$M$3),"Em andamento",AND(L79>=$M$3,J79>=$M$3,I79<=$M$3,K79<=$M$3),"Em andamento",AND(K79>$M$3,I79>$M$3),"Não iniciado",AND(L79>=$M$3,J79>=$M$3,K79>=$M$3,I79<$M$3),"Atrasado",AND(L79>=$M$3,J79>=$M$3,K79>=$M$3,I79>$M$3),"Não iniciado",AND($I79<=$M$3,$K79>$M$3),"Atrasado")} -> Concluído | O79: {=_xlfn.IFS(N79="Não iniciado",0,N79="Em andamento",1,N79="Concluído",2,N79="Atrasado",3)} -> 2 | Q79: {=_xlfn.IFS(AND($I79<$N$3,$J79<$N$3),1,AND($I79<=$N$3,$J79>=$N$3),0.5,AND($I79>=$N$3,$J79>=$N$3),0)} -> 1 | R79: {=_xlfn.IFS(AND($K79<$N$3,$L79<$N$3),1,AND($K79<=$N$3,$L79>=$N$3),0.5,AND($K79>=$N$3,$L79>=$N$3),0)} -> 1 | S79: {=_xlfn.IFS(AND($K79>R$7,$L79>R$7),0,AND($K79<=R$7,$L79<=R$7),1,AND($K79<=R$7,$L79>R$7),((R$7-$K79)/($L79-$K79)))} -> #REF! | T79: {=_xlfn.IFS(AND($K79>S$7,$L79>S$7),0,AND($K79<=S$7,$L79<=S$7),1,AND($K79<=S$7,$L79>S$7),((S$7-$K79)/($L79-$K79)))} -> #REF! | U79: {=_xlfn.IFS(AND($K79>T$7,$L79>T$7),0,AND($K79<=T$7,$L79<=T$7),1,AND($K79<=T$7,$L79>T$7),((T$7-$K79)/($L79-$K79)))} -> #REF! | V79: {=_xlfn.IFS(AND($K79>U$7,$L79>U$7),0,AND($K79<=U$7,$L79<=U$7),1,AND($K79<=U$7,$L79>U$7),((U$7-$K79)/($L79-$K79)))} -> #REF! | W79: {=_xlfn.IFS(AND($K79>V$7,$L79>V$7),0,AND($K79<=V$7,$L79<=V$7),1,AND($K79<=V$7,$L79>V$7),((V$7-$K79)/($L79-$K79)))} -> #REF! | X79: {=_xlfn.IFS(AND($K79>W$7,$L79>W$7),0,AND($K79<=W$7,$L79<=W$7),1,AND($K79<=W$7,$L79>W$7),((W$7-$K79)/($L79-$K79)))} -> #REF! | Y79: {=_xlfn.IFS(AND($K79>X$7,$L79>X$7),0,AND($K79<=X$7,$L79<=X$7),1,AND($K79<=X$7,$L79>X$7),((X$7-$K79)/($L79-$K79)))} -> #REF! | Z79: {=_xlfn.IFS(AND($K79>Y$7,$L79>Y$7),0,AND($K79<=Y$7,$L79<=Y$7),1,AND($K79<=Y$7,$L79>Y$7),((Y$7-$K79)/($L79-$K79)))} -> #REF! | ... BN79: {=_xlfn.IFS(AND($K79>BM$7,$L79>BM$7),0,AND($K79<=BM$7,$L79<=BM$7),1,AND($K79<=BM$7,$L79>BM$7),((BM$7-$K79)/($L79-$K79)))} -> #REF!
B80: {=_xlfn.IFS(LEN(Tab.baseline[[#This Row],[EAP]])=1,"Nível 1",LEN(Tab.baseline[[#This Row],[EAP]])=3,"Nível 2",LEN(Tab.baseline[[#This Row],[EAP]])=5,"Nível 3",LEN(Tab.baseline[[#This Row],[EAP]])=7,"Nível 4",LEN(Tab.baseline[[#This Row],[EAP]])=9,"Nível 5",LEN(Tab.baseline[[#This Row],[EAP]])=11,"Nível 6",LEN(Tab.baseline[[#This Row],[EAP]])=11,"Nível 7")} -> Nível 5 | C80: 1.3.2.1.3 | E80: =$H$45 -> Desenvolvimento da Transformação dos Processos | F80: =$H$76 -> Modelagem To Be | G80: =$H$77 -> Modelagem To Be | H80: Modelagem (To Be) do processo de Controle de Qualidade da compactação | I80: 45736 | J80: 45744 | K80: 45736 | L80: 45744 | N80: {=_xlfn.IFS(L80<$M$3,"Concluído",AND(K80>=$M$3,I80<$M$3,L80>$M$3),"Em andamento",AND(L80>=$M$3,J80<$M$3),"Atrasado",AND(L80>=$M$3,J80>=$M$3,I80>$M$3,K80<=$M$3),"Em andamento",AND(L80>=$M$3,J80>=$M$3,I80<=$M$3,K80<=$M$3),"Em andamento",AND(K80>$M$3,I80>$M$3),"Não iniciado",AND(L80>=$M$3,J80>=$M$3,K80>=$M$3,I80<$M$3),"Atrasado",AND(L80>=$M$3,J80>=$M$3,K80>=$M$3,I80>$M$3),"Não iniciado",AND($I80<=$M$3,$K80>$M$3),"Atrasado")} -> Concluído | O80: {=_xlfn.IFS(N80="Não iniciado",0,N80="Em andamento",1,N80="Concluído",2,N80="Atrasado",3)} -> 2 | Q80: {=_xlfn.IFS(AND($I80<$N$3,$J80<$N$3),1,AND($I80<=$N$3,$J80>=$N$3),0.5,AND($I80>=$N$3,$J80>=$N$3),0)} -> 1 | R80: {=_xlfn.IFS(AND($K80<$N$3,$L80<$N$3),1,AND($K80<=$N$3,$L80>=$N$3),0.5,AND($K80>=$N$3,$L80>=$N$3),0)} -> 1 | S80: {=_xlfn.IFS(AND($K80>R$7,$L80>R$7),0,AND($K80<=R$7,$L80<=R$7),1,AND($K80<=R$7,$L80>R$7),((R$7-$K80)/($L80-$K80)))} -> #REF! | T80: {=_xlfn.IFS(AND($K80>S$7,$L80>S$7),0,AND($K80<=S$7,$L80<=S$7),1,AND($K80<=S$7,$L80>S$7),((S$7-$K80)/($L80-$K80)))} -> #REF! | U80: {=_xlfn.IFS(AND($K80>T$7,$L80>T$7),0,AND($K80<=T$7,$L80<=T$7),1,AND($K80<=T$7,$L80>T$7),((T$7-$K80)/($L80-$K80)))} -> #REF! | V80: {=_xlfn.IFS(AND($K80>U$7,$L80>U$7),0,AND($K80<=U$7,$L80<=U$7),1,AND($K80<=U$7,$L80>U$7),((U$7-$K80)/($L80-$K80)))} -> #REF! | W80: {=_xlfn.IFS(AND($K80>V$7,$L80>V$7),0,AND($K80<=V$7,$L80<=V$7),1,AND($K80<=V$7,$L80>V$7),((V$7-$K80)/($L80-$K80)))} -> #REF! | X80: {=_xlfn.IFS(AND($K80>W$7,$L80>W$7),0,AND($K80<=W$7,$L80<=W$7),1,AND($K80<=W$7,$L80>W$7),((W$7-$K80)/($L80-$K80)))} -> #REF! | Y80: {=_xlfn.IFS(AND($K80>X$7,$L80>X$7),0,AND($K80<=X$7,$L80<=X$7),1,AND($K80<=X$7,$L80>X$7),((X$7-$K80)/($L80-$K80)))} -> #REF! | Z80: {=_xlfn.IFS(AND($K80>Y$7,$L80>Y$7),0,AND($K80<=Y$7,$L80<=Y$7),1,AND($K80<=Y$7,$L80>Y$7),((Y$7-$K80)/($L80-$K80)))} -> #REF! | ... BN80: {=_xlfn.IFS(AND($K80>BM$7,$L80>BM$7),0,AND($K80<=BM$7,$L80<=BM$7),1,AND($K80<=BM$7,$L80>BM$7),((BM$7-$K80)/($L80-$K80)))} -> #REF!
B81: {=_xlfn.IFS(LEN(Tab.baseline[[#This Row],[EAP]])=1,"Nível 1",LEN(Tab.baseline[[#This Row],[EAP]])=3,"Nível 2",LEN(Tab.baseline[[#This Row],[EAP]])=5,"Nível 3",LEN(Tab.baseline[[#This Row],[EAP]])=7,"Nível 4",LEN(Tab.baseline[[#This Row],[EAP]])=9,"Nível 5",LEN(Tab.baseline[[#This Row],[EAP]])=11,"Nível 6",LEN(Tab.baseline[[#This Row],[EAP]])=11,"Nível 7")} -> Nível 5 | C81: 1.3.2.1.4 | E81: =$H$45 -> Desenvolvimento da Transformação dos Processos | F81: =$H$76 -> Modelagem To Be | G81: =$H$77 -> Modelagem To Be | H81: Modelagem (To Be) do processo de Garantia de Operacionalidade de PAEs e PAEBMs | I81: 45775 | J81: 45779 | K81: 45775 | L81: 45779 | N81: {=_xlfn.IFS(L81<$M$3,"Concluído",AND(K81>=$M$3,I81<$M$3,L81>$M$3),"Em andamento",AND(L81>=$M$3,J81<$M$3),"Atrasado",AND(L81>=$M$3,J81>=$M$3,I81>$M$3,K81<=$M$3),"Em andamento",AND(L81>=$M$3,J81>=$M$3,I81<=$M$3,K81<=$M$3),"Em andamento",AND(K81>$M$3,I81>$M$3),"Não iniciado",AND(L81>=$M$3,J81>=$M$3,K81>=$M$3,I81<$M$3),"Atrasado",AND(L81>=$M$3,J81>=$M$3,K81>=$M$3,I81>$M$3),"Não iniciado",AND($I81<=$M$3,$K81>$M$3),"Atrasado")} -> Concluído | O81: {=_xlfn.IFS(N81="Não iniciado",0,N81="Em andamento",1,N81="Concluído",2,N81="Atrasado",3)} -> 2 | Q81: {=_xlfn.IFS(AND($I81<$N$3,$J81<$N$3),1,AND($I81<=$N$3,$J81>=$N$3),0.5,AND($I81>=$N$3,$J81>=$N$3),0)} -> 1 | R81: {=_xlfn.IFS(AND($K81<$N$3,$L81<$N$3),1,AND($K81<=$N$3,$L81>=$N$3),0.5,AND($K81>=$N$3,$L81>=$N$3),0)} -> 1 | S81: {=_xlfn.IFS(AND($K81>R$7,$L81>R$7),0,AND($K81<=R$7,$L81<=R$7),1,AND($K81<=R$7,$L81>R$7),((R$7-$K81)/($L81-$K81)))} -> #REF! | T81: {=_xlfn.IFS(AND($K81>S$7,$L81>S$7),0,AND($K81<=S$7,$L81<=S$7),1,AND($K81<=S$7,$L81>S$7),((S$7-$K81)/($L81-$K81)))} -> #REF! | U81: {=_xlfn.IFS(AND($K81>T$7,$L81>T$7),0,AND($K81<=T$7,$L81<=T$7),1,AND($K81<=T$7,$L81>T$7),((T$7-$K81)/($L81-$K81)))} -> #REF! | V81: {=_xlfn.IFS(AND($K81>U$7,$L81>U$7),0,AND($K81<=U$7,$L81<=U$7),1,AND($K81<=U$7,$L81>U$7),((U$7-$K81)/($L81-$K81)))} -> #REF! | W81: {=_xlfn.IFS(AND($K81>V$7,$L81>V$7),0,AND($K81<=V$7,$L81<=V$7),1,AND($K81<=V$7,$L81>V$7),((V$7-$K81)/($L81-$K81)))} -> #REF! | X81: {=_xlfn.IFS(AND($K81>W$7,$L81>W$7),0,AND($K81<=W$7,$L81<=W$7),1,AND($K81<=W$7,$L81>W$7),((W$7-$K81)/($L81-$K81)))} -> #REF! | Y81: {=_xlfn.IFS(AND($K81>X$7,$L81>X$7),0,AND($K81<=X$7,$L81<=X$7),1,AND($K81<=X$7,$L81>X$7),((X$7-$K81)/($L81-$K81)))} -> #REF! | Z81: {=_xlfn.IFS(AND($K81>Y$7,$L81>Y$7),0,AND($K81<=Y$7,$L81<=Y$7),1,AND($K81<=Y$7,$L81>Y$7),((Y$7-$K81)/($L81-$K81)))} -> #REF! | ... BN81: {=_xlfn.IFS(AND($K81>BM$7,$L81>BM$7),0,AND($K81<=BM$7,$L81<=BM$7),1,AND($K81<=BM$7,$L81>BM$7),((BM$7-$K81)/($L81-$K81)))} -> #REF!
B82: {=_xlfn.IFS(LEN(Tab.baseline[[#This Row],[EAP]])=1,"Nível 1",LEN(Tab.baseline[[#This Row],[EAP]])=3,"Nível 2",LEN(Tab.baseline[[#This Row],[EAP]])=5,"Nível 3",LEN(Tab.baseline[[#This Row],[EAP]])=7,"Nível 4",LEN(Tab.baseline[[#This Row],[EAP]])=9,"Nível 5",LEN(Tab.baseline[[#This Row],[EAP]])=11,"Nível 6",LEN(Tab.baseline[[#This Row],[EAP]])=11,"Nível 7")} -> Nível 5 | C82: 1.3.2.1.5 | E82: =$H$45 -> Desenvolvimento da Transformação dos Processos | F82: =$H$76 -> Modelagem To Be | G82: =$H$77 -> Modelagem To Be | H82: Modelagem (To Be) do processo de Aferição dos Parâmetros do Rejeito na Planta de Filtragem | I82: 45768 | J82: 45779 | K82: 45768 | L82: 45779 | N82: {=_xlfn.IFS(L82<$M$3,"Concluído",AND(K82>=$M$3,I82<$M$3,L82>$M$3),"Em andamento",AND(L82>=$M$3,J82<$M$3),"Atrasado",AND(L82>=$M$3,J82>=$M$3,I82>$M$3,K82<=$M$3),"Em andamento",AND(L82>=$M$3,J82>=$M$3,I82<=$M$3,K82<=$M$3),"Em andamento",AND(K82>$M$3,I82>$M$3),"Não iniciado",AND(L82>=$M$3,J82>=$M$3,K82>=$M$3,I82<$M$3),"Atrasado",AND(L82>=$M$3,J82>=$M$3,K82>=$M$3,I82>$M$3),"Não iniciado",AND($I82<=$M$3,$K82>$M$3),"Atrasado")} -> Concluído | O82: {=_xlfn.IFS(N82="Não iniciado",0,N82="Em andamento",1,N82="Concluído",2,N82="Atrasado",3)} -> 2 | Q82: {=_xlfn.IFS(AND($I82<$N$3,$J82<$N$3),1,AND($I82<=$N$3,$J82>=$N$3),0.5,AND($I82>=$N$3,$J82>=$N$3),0)} -> 1 | R82: {=_xlfn.IFS(AND($K82<$N$3,$L82<$N$3),1,AND($K82<=$N$3,$L82>=$N$3),0.5,AND($K82>=$N$3,$L82>=$N$3),0)} -> 1 | S82: {=_xlfn.IFS(AND($K82>R$7,$L82>R$7),0,AND($K82<=R$7,$L82<=R$7),1,AND($K82<=R$7,$L82>R$7),((R$7-$K82)/($L82-$K82)))} -> #REF! | T82: {=_xlfn.IFS(AND($K82>S$7,$L82>S$7),0,AND($K82<=S$7,$L82<=S$7),1,AND($K82<=S$7,$L82>S$7),((S$7-$K82)/($L82-$K82)))} -> #REF! | U82: {=_xlfn.IFS(AND($K82>T$7,$L82>T$7),0,AND($K82<=T$7,$L82<=T$7),1,AND($K82<=T$7,$L82>T$7),((T$7-$K82)/($L82-$K82)))} -> #REF! | V82: {=_xlfn.IFS(AND($K82>U$7,$L82>U$7),0,AND($K82<=U$7,$L82<=U$7),1,AND($K82<=U$7,$L82>U$7),((U$7-$K82)/($L82-$K82)))} -> #REF! | W82: {=_xlfn.IFS(AND($K82>V$7,$L82>V$7),0,AND($K82<=V$7,$L82<=V$7),1,AND($K82<=V$7,$L82>V$7),((V$7-$K82)/($L82-$K82)))} -> #REF! | X82: {=_xlfn.IFS(AND($K82>W$7,$L82>W$7),0,AND($K82<=W$7,$L82<=W$7),1,AND($K82<=W$7,$L82>W$7),((W$7-$K82)/($L82-$K82)))} -> #REF! | Y82: {=_xlfn.IFS(AND($K82>X$7,$L82>X$7),0,AND($K82<=X$7,$L82<=X$7),1,AND($K82<=X$7,$L82>X$7),((X$7-$K82)/($L82-$K82)))} -> #REF! | Z82: {=_xlfn.IFS(AND($K82>Y$7,$L82>Y$7),0,AND($K82<=Y$7,$L82<=Y$7),1,AND($K82<=Y$7,$L82>Y$7),((Y$7-$K82)/($L82-$K82)))} -> #REF! | ... BN82: {=_xlfn.IFS(AND($K82>BM$7,$L82>BM$7),0,AND($K82<=BM$7,$L82<=BM$7),1,AND($K82<=BM$7,$L82>BM$7),((BM$7-$K82)/($L82-$K82)))} -> #REF!
B83: {=_xlfn.IFS(LEN(Tab.baseline[[#This Row],[EAP]])=1,"Nível 1",LEN(Tab.baseline[[#This Row],[EAP]])=3,"Nível 2",LEN(Tab.baseline[[#This Row],[EAP]])=5,"Nível 3",LEN(Tab.baseline[[#This Row],[EAP]])=7,"Nível 4",LEN(Tab.baseline[[#This Row],[EAP]])=9,"Nível 5",LEN(Tab.baseline[[#This Row],[EAP]])=11,"Nível 6",LEN(Tab.baseline[[#This Row],[EAP]])=11,"Nível 7")} -> Nível 5 | C83: 1.3.2.1.6 | E83: =$H$45 -> Desenvolvimento da Transformação dos Processos | F83: =$H$76 -> Modelagem To Be | G83: =$H$77 -> Modelagem To Be | H83: Modelagem (To Be) do processo de Elaboração e atualização do balanço hídrico na mineração | I83: 45775 | J83: 45779 | K83: 45775 | L83: 45779 | N83: {=_xlfn.IFS(L83<$M$3,"Concluído",AND(K83>=$M$3,I83<$M$3,L83>$M$3),"Em andamento",AND(L83>=$M$3,J83<$M$3),"Atrasado",AND(L83>=$M$3,J83>=$M$3,I83>$M$3,K83<=$M$3),"Em andamento",AND(L83>=$M$3,J83>=$M$3,I83<=$M$3,K83<=$M$3),"Em andamento",AND(K83>$M$3,I83>$M$3),"Não iniciado",AND(L83>=$M$3,J83>=$M$3,K83>=$M$3,I83<$M$3),"Atrasado",AND(L83>=$M$3,J83>=$M$3,K83>=$M$3,I83>$M$3),"Não iniciado",AND($I83<=$M$3,$K83>$M$3),"Atrasado")} -> Concluído | O83: {=_xlfn.IFS(N83="Não iniciado",0,N83="Em andamento",1,N83="Concluído",2,N83="Atrasado",3)} -> 2 | Q83: {=_xlfn.IFS(AND($I83<$N$3,$J83<$N$3),1,AND($I83<=$N$3,$J83>=$N$3),0.5,AND($I83>=$N$3,$J83>=$N$3),0)} -> 1 | R83: {=_xlfn.IFS(AND($K83<$N$3,$L83<$N$3),1,AND($K83<=$N$3,$L83>=$N$3),0.5,AND($K83>=$N$3,$L83>=$N$3),0)} -> 1 | S83: {=_xlfn.IFS(AND($K83>R$7,$L83>R$7),0,AND($K83<=R$7,$L83<=R$7),1,AND($K83<=R$7,$L83>R$7),((R$7-$K83)/($L83-$K83)))} -> #REF! | T83: {=_xlfn.IFS(AND($K83>S$7,$L83>S$7),0,AND($K83<=S$7,$L83<=S$7),1,AND($K83<=S$7,$L83>S$7),((S$7-$K83)/($L83-$K83)))} -> #REF! | U83: {=_xlfn.IFS(AND($K83>T$7,$L83>T$7),0,AND($K83<=T$7,$L83<=T$7),1,AND($K83<=T$7,$L83>T$7),((T$7-$K83)/($L83-$K83)))} -> #REF! | V83: {=_xlfn.IFS(AND($K83>U$7,$L83>U$7),0,AND($K83<=U$7,$L83<=U$7),1,AND($K83<=U$7,$L83>U$7),((U$7-$K83)/($L83-$K83)))} -> #REF! | W83: {=_xlfn.IFS(AND($K83>V$7,$L83>V$7),0,AND($K83<=V$7,$L83<=V$7),1,AND($K83<=V$7,$L83>V$7),((V$7-$K83)/($L83-$K83)))} -> #REF! | X83: {=_xlfn.IFS(AND($K83>W$7,$L83>W$7),0,AND($K83<=W$7,$L83<=W$7),1,AND($K83<=W$7,$L83>W$7),((W$7-$K83)/($L83-$K83)))} -> #REF! | Y83: {=_xlfn.IFS(AND($K83>X$7,$L83>X$7),0,AND($K83<=X$7,$L83<=X$7),1,AND($K83<=X$7,$L83>X$7),((X$7-$K83)/($L83-$K83)))} -> #REF! | Z83: {=_xlfn.IFS(AND($K83>Y$7,$L83>Y$7),0,AND($K83<=Y$7,$L83<=Y$7),1,AND($K83<=Y$7,$L83>Y$7),((Y$7-$K83)/($L83-$K83)))} -> #REF! | ... BN83: {=_xlfn.IFS(AND($K83>BM$7,$L83>BM$7),0,AND($K83<=BM$7,$L83<=BM$7),1,AND($K83<=BM$7,$L83>BM$7),((BM$7-$K83)/($L83-$K83)))} -> #REF!
B84: {=_xlfn.IFS(LEN(Tab.baseline[[#This Row],[EAP]])=1,"Nível 1",LEN(Tab.baseline[[#This Row],[EAP]])=3,"Nível 2",LEN(Tab.baseline[[#This Row],[EAP]])=5,"Nível 3",LEN(Tab.baseline[[#This Row],[EAP]])=7,"Nível 4",LEN(Tab.baseline[[#This Row],[EAP]])=9,"Nível 5",LEN(Tab.baseline[[#This Row],[EAP]])=11,"Nível 6",LEN(Tab.baseline[[#This Row],[EAP]])=11,"Nível 7")} -> Nível 5 | C84: 1.3.2.1.7 | E84: =$H$45 -> Desenvolvimento da Transformação dos Processos | F84: =$H$76 -> Modelagem To Be | G84: =$H$77 -> Modelagem To Be | H84: Modelagem (To Be) do processo de Análise de Performance Mensal das Estruturas | I84: 45768 | J84: 45779 | K84: 45768 | L84: 45779 | N84: {=_xlfn.IFS(L84<$M$3,"Concluído",AND(K84>=$M$3,I84<$M$3,L84>$M$3),"Em andamento",AND(L84>=$M$3,J84<$M$3),"Atrasado",AND(L84>=$M$3,J84>=$M$3,I84>$M$3,K84<=$M$3),"Em andamento",AND(L84>=$M$3,J84>=$M$3,I84<=$M$3,K84<=$M$3),"Em andamento",AND(K84>$M$3,I84>$M$3),"Não iniciado",AND(L84>=$M$3,J84>=$M$3,K84>=$M$3,I84<$M$3),"Atrasado",AND(L84>=$M$3,J84>=$M$3,K84>=$M$3,I84>$M$3),"Não iniciado",AND($I84<=$M$3,$K84>$M$3),"Atrasado")} -> Concluído | O84: {=_xlfn.IFS(N84="Não iniciado",0,N84="Em andamento",1,N84="Concluído",2,N84="Atrasado",3)} -> 2 | Q84: {=_xlfn.IFS(AND($I84<$N$3,$J84<$N$3),1,AND($I84<=$N$3,$J84>=$N$3),0.5,AND($I84>=$N$3,$J84>=$N$3),0)} -> 1 | R84: {=_xlfn.IFS(AND($K84<$N$3,$L84<$N$3),1,AND($K84<=$N$3,$L84>=$N$3),0.5,AND($K84>=$N$3,$L84>=$N$3),0)} -> 1 | S84: {=_xlfn.IFS(AND($K84>R$7,$L84>R$7),0,AND($K84<=R$7,$L84<=R$7),1,AND($K84<=R$7,$L84>R$7),((R$7-$K84)/($L84-$K84)))} -> #REF! | T84: {=_xlfn.IFS(AND($K84>S$7,$L84>S$7),0,AND($K84<=S$7,$L84<=S$7),1,AND($K84<=S$7,$L84>S$7),((S$7-$K84)/($L84-$K84)))} -> #REF! | U84: {=_xlfn.IFS(AND($K84>T$7,$L84>T$7),0,AND($K84<=T$7,$L84<=T$7),1,AND($K84<=T$7,$L84>T$7),((T$7-$K84)/($L84-$K84)))} -> #REF! | V84: {=_xlfn.IFS(AND($K84>U$7,$L84>U$7),0,AND($K84<=U$7,$L84<=U$7),1,AND($K84<=U$7,$L84>U$7),((U$7-$K84)/($L84-$K84)))} -> #REF! | W84: {=_xlfn.IFS(AND($K84>V$7,$L84>V$7),0,AND($K84<=V$7,$L84<=V$7),1,AND($K84<=V$7,$L84>V$7),((V$7-$K84)/($L84-$K84)))} -> #REF! | X84: {=_xlfn.IFS(AND($K84>W$7,$L84>W$7),0,AND($K84<=W$7,$L84<=W$7),1,AND($K84<=W$7,$L84>W$7),((W$7-$K84)/($L84-$K84)))} -> #REF! | Y84: {=_xlfn.IFS(AND($K84>X$7,$L84>X$7),0,AND($K84<=X$7,$L84<=X$7),1,AND($K84<=X$7,$L84>X$7),((X$7-$K84)/($L84-$K84)))} -> #REF! | Z84: {=_xlfn.IFS(AND($K84>Y$7,$L84>Y$7),0,AND($K84<=Y$7,$L84<=Y$7),1,AND($K84<=Y$7,$L84>Y$7),((Y$7-$K84)/($L84-$K84)))} -> #REF! | ... BN84: {=_xlfn.IFS(AND($K84>BM$7,$L84>BM$7),0,AND($K84<=BM$7,$L84<=BM$7),1,AND($K84<=BM$7,$L84>BM$7),((BM$7-$K84)/($L84-$K84)))} -> #REF!
B85: {=_xlfn.IFS(LEN(Tab.baseline[[#This Row],[EAP]])=1,"Nível 1",LEN(Tab.baseline[[#This Row],[EAP]])=3,"Nível 2",LEN(Tab.baseline[[#This Row],[EAP]])=5,"Nível 3",LEN(Tab.baseline[[#This Row],[EAP]])=7,"Nível 4",LEN(Tab.baseline[[#This Row],[EAP]])=9,"Nível 5",LEN(Tab.baseline[[#This Row],[EAP]])=11,"Nível 6",LEN(Tab.baseline[[#This Row],[EAP]])=11,"Nível 7")} -> Nível 5 | C85: 1.3.2.1.8 | E85: =$H$45 -> Desenvolvimento da Transformação dos Processos | F85: =$H$76 -> Modelagem To Be | G85: =$H$77 -> Modelagem To Be | H85: Modelagem (To Be) do Processo de Apoio Técnico às demais áreas | I85: 45778 | J85: 45792 | K85: 45778 | L85: 45792 | N85: {=_xlfn.IFS(L85<$M$3,"Concluído",AND(K85>=$M$3,I85<$M$3,L85>$M$3),"Em andamento",AND(L85>=$M$3,J85<$M$3),"Atrasado",AND(L85>=$M$3,J85>=$M$3,I85>$M$3,K85<=$M$3),"Em andamento",AND(L85>=$M$3,J85>=$M$3,I85<=$M$3,K85<=$M$3),"Em andamento",AND(K85>$M$3,I85>$M$3),"Não iniciado",AND(L85>=$M$3,J85>=$M$3,K85>=$M$3,I85<$M$3),"Atrasado",AND(L85>=$M$3,J85>=$M$3,K85>=$M$3,I85>$M$3),"Não iniciado",AND($I85<=$M$3,$K85>$M$3),"Atrasado")} -> Concluído | O85: {=_xlfn.IFS(N85="Não iniciado",0,N85="Em andamento",1,N85="Concluído",2,N85="Atrasado",3)} -> 2 | Q85: {=_xlfn.IFS(AND($I85<$N$3,$J85<$N$3),1,AND($I85<=$N$3,$J85>=$N$3),0.5,AND($I85>=$N$3,$J85>=$N$3),0)} -> 1 | R85: {=_xlfn.IFS(AND($K85<$N$3,$L85<$N$3),1,AND($K85<=$N$3,$L85>=$N$3),0.5,AND($K85>=$N$3,$L85>=$N$3),0)} -> 1 | S85: {=_xlfn.IFS(AND($K85>R$7,$L85>R$7),0,AND($K85<=R$7,$L85<=R$7),1,AND($K85<=R$7,$L85>R$7),((R$7-$K85)/($L85-$K85)))} -> #REF! | T85: {=_xlfn.IFS(AND($K85>S$7,$L85>S$7),0,AND($K85<=S$7,$L85<=S$7),1,AND($K85<=S$7,$L85>S$7),((S$7-$K85)/($L85-$K85)))} -> #REF! | U85: {=_xlfn.IFS(AND($K85>T$7,$L85>T$7),0,AND($K85<=T$7,$L85<=T$7),1,AND($K85<=T$7,$L85>T$7),((T$7-$K85)/($L85-$K85)))} -> #REF! | V85: {=_xlfn.IFS(AND($K85>U$7,$L85>U$7),0,AND($K85<=U$7,$L85<=U$7),1,AND($K85<=U$7,$L85>U$7),((U$7-$K85)/($L85-$K85)))} -> #REF! | W85: {=_xlfn.IFS(AND($K85>V$7,$L85>V$7),0,AND($K85<=V$7,$L85<=V$7),1,AND($K85<=V$7,$L85>V$7),((V$7-$K85)/($L85-$K85)))} -> #REF! | X85: {=_xlfn.IFS(AND($K85>W$7,$L85>W$7),0,AND($K85<=W$7,$L85<=W$7),1,AND($K85<=W$7,$L85>W$7),((W$7-$K85)/($L85-$K85)))} -> #REF! | Y85: {=_xlfn.IFS(AND($K85>X$7,$L85>X$7),0,AND($K85<=X$7,$L85<=X$7),1,AND($K85<=X$7,$L85>X$7),((X$7-$K85)/($L85-$K85)))} -> #REF! | Z85: {=_xlfn.IFS(AND($K85>Y$7,$L85>Y$7),0,AND($K85<=Y$7,$L85<=Y$7),1,AND($K85<=Y$7,$L85>Y$7),((Y$7-$K85)/($L85-$K85)))} -> #REF! | ... BN85: {=_xlfn.IFS(AND($K85>BM$7,$L85>BM$7),0,AND($K85<=BM$7,$L85<=BM$7),1,AND($K85<=BM$7,$L85>BM$7),((BM$7-$K85)/($L85-$K85)))} -> #REF!
B86: {=_xlfn.IFS(LEN(Tab.baseline[[#This Row],[EAP]])=1,"Nível 1",LEN(Tab.baseline[[#This Row],[EAP]])=3,"Nível 2",LEN(Tab.baseline[[#This Row],[EAP]])=5,"Nível 3",LEN(Tab.baseline[[#This Row],[EAP]])=7,"Nível 4",LEN(Tab.baseline[[#This Row],[EAP]])=9,"Nível 5",LEN(Tab.baseline[[#This Row],[EAP]])=11,"Nível 6",LEN(Tab.baseline[[#This Row],[EAP]])=11,"Nível 7")} -> Nível 5 | C86: 1.3.2.1.9 | E86: =$H$45 -> Desenvolvimento da Transformação dos Processos | F86: =$H$76 -> Modelagem To Be | G86: =$H$77 -> Modelagem To Be | H86: Modelagem (To Be) do Proceso de Apoio Técnico à Engenharia | I86: 45792 | J86: 45808 | K86: 45804 | L86: 45808 | N86: {=_xlfn.IFS(L86<$M$3,"Concluído",AND(K86>=$M$3,I86<$M$3,L86>$M$3),"Em andamento",AND(L86>=$M$3,J86<$M$3),"Atrasado",AND(L86>=$M$3,J86>=$M$3,I86>$M$3,K86<=$M$3),"Em andamento",AND(L86>=$M$3,J86>=$M$3,I86<=$M$3,K86<=$M$3),"Em andamento",AND(K86>$M$3,I86>$M$3),"Não iniciado",AND(L86>=$M$3,J86>=$M$3,K86>=$M$3,I86<$M$3),"Atrasado",AND(L86>=$M$3,J86>=$M$3,K86>=$M$3,I86>$M$3),"Não iniciado",AND($I86<=$M$3,$K86>$M$3),"Atrasado")} -> Concluído | O86: {=_xlfn.IFS(N86="Não iniciado",0,N86="Em andamento",1,N86="Concluído",2,N86="Atrasado",3)} -> 2 | Q86: {=_xlfn.IFS(AND($I86<$N$3,$J86<$N$3),1,AND($I86<=$N$3,$J86>=$N$3),0.5,AND($I86>=$N$3,$J86>=$N$3),0)} -> 1 | R86: {=_xlfn.IFS(AND($K86<$N$3,$L86<$N$3),1,AND($K86<=$N$3,$L86>=$N$3),0.5,AND($K86>=$N$3,$L86>=$N$3),0)} -> 1 | S86: {=_xlfn.IFS(AND($K86>R$7,$L86>R$7),0,AND($K86<=R$7,$L86<=R$7),1,AND($K86<=R$7,$L86>R$7),((R$7-$K86)/($L86-$K86)))} -> #REF! | T86: {=_xlfn.IFS(AND($K86>S$7,$L86>S$7),0,AND($K86<=S$7,$L86<=S$7),1,AND($K86<=S$7,$L86>S$7),((S$7-$K86)/($L86-$K86)))} -> #REF! | U86: {=_xlfn.IFS(AND($K86>T$7,$L86>T$7),0,AND($K86<=T$7,$L86<=T$7),1,AND($K86<=T$7,$L86>T$7),((T$7-$K86)/($L86-$K86)))} -> #REF! | V86: {=_xlfn.IFS(AND($K86>U$7,$L86>U$7),0,AND($K86<=U$7,$L86<=U$7),1,AND($K86<=U$7,$L86>U$7),((U$7-$K86)/($L86-$K86)))} -> #REF! | W86: {=_xlfn.IFS(AND($K86>V$7,$L86>V$7),0,AND($K86<=V$7,$L86<=V$7),1,AND($K86<=V$7,$L86>V$7),((V$7-$K86)/($L86-$K86)))} -> #REF! | X86: {=_xlfn.IFS(AND($K86>W$7,$L86>W$7),0,AND($K86<=W$7,$L86<=W$7),1,AND($K86<=W$7,$L86>W$7),((W$7-$K86)/($L86-$K86)))} -> #REF! | Y86: {=_xlfn.IFS(AND($K86>X$7,$L86>X$7),0,AND($K86<=X$7,$L86<=X$7),1,AND($K86<=X$7,$L86>X$7),((X$7-$K86)/($L86-$K86)))} -> #REF! | Z86: {=_xlfn.IFS(AND($K86>Y$7,$L86>Y$7),0,AND($K86<=Y$7,$L86<=Y$7),1,AND($K86<=Y$7,$L86>Y$7),((Y$7-$K86)/($L86-$K86)))} -> #REF! | ... BN86: {=_xlfn.IFS(AND($K86>BM$7,$L86>BM$7),0,AND($K86<=BM$7,$L86<=BM$7),1,AND($K86<=BM$7,$L86>BM$7),((BM$7-$K86)/($L86-$K86)))} -> #REF!
B87: Nível 5 | C87: 1.3.2.1.10 | E87: =$H$45 -> Desenvolvimento da Transformação dos Processos | F87: =$H$76 -> Modelagem To Be | G87: =$H$77 -> Modelagem To Be | H87: Modelagem (To Be) do processo de Tratativa de Anomalias | I87: 45817 | J87: 45821 | K87: 45817 | L87: 45821 | N87: {=_xlfn.IFS(L87<$M$3,"Concluído",AND(K87>=$M$3,I87<$M$3,L87>$M$3),"Em andamento",AND(L87>=$M$3,J87<$M$3),"Atrasado",AND(L87>=$M$3,J87>=$M$3,I87>$M$3,K87<=$M$3),"Em andamento",AND(L87>=$M$3,J87>=$M$3,I87<=$M$3,K87<=$M$3),"Em andamento",AND(K87>$M$3,I87>$M$3),"Não iniciado",AND(L87>=$M$3,J87>=$M$3,K87>=$M$3,I87<$M$3),"Atrasado",AND(L87>=$M$3,J87>=$M$3,K87>=$M$3,I87>$M$3),"Não iniciado",AND($I87<=$M$3,$K87>$M$3),"Atrasado")} -> Concluído | O87: {=_xlfn.IFS(N87="Não iniciado",0,N87="Em andamento",1,N87="Concluído",2,N87="Atrasado",3)} -> 2 | Q87: {=_xlfn.IFS(AND($I87<$N$3,$J87<$N$3),1,AND($I87<=$N$3,$J87>=$N$3),0.5,AND($I87>=$N$3,$J87>=$N$3),0)} -> 1 | R87: {=_xlfn.IFS(AND($K87<$N$3,$L87<$N$3),1,AND($K87<=$N$3,$L87>=$N$3),0.5,AND($K87>=$N$3,$L87>=$N$3),0)} -> 1 | S87: {=_xlfn.IFS(AND($K87>R$7,$L87>R$7),0,AND($K87<=R$7,$L87<=R$7),1,AND($K87<=R$7,$L87>R$7),((R$7-$K87)/($L87-$K87)))} -> #REF! | T87: {=_xlfn.IFS(AND($K87>S$7,$L87>S$7),0,AND($K87<=S$7,$L87<=S$7),1,AND($K87<=S$7,$L87>S$7),((S$7-$K87)/($L87-$K87)))} -> #REF! | U87: {=_xlfn.IFS(AND($K87>T$7,$L87>T$7),0,AND($K87<=T$7,$L87<=T$7),1,AND($K87<=T$7,$L87>T$7),((T$7-$K87)/($L87-$K87)))} -> #REF! | V87: {=_xlfn.IFS(AND($K87>U$7,$L87>U$7),0,AND($K87<=U$7,$L87<=U$7),1,AND($K87<=U$7,$L87>U$7),((U$7-$K87)/($L87-$K87)))} -> #REF! | W87: {=_xlfn.IFS(AND($K87>V$7,$L87>V$7),0,AND($K87<=V$7,$L87<=V$7),1,AND($K87<=V$7,$L87>V$7),((V$7-$K87)/($L87-$K87)))} -> #REF! | X87: {=_xlfn.IFS(AND($K87>W$7,$L87>W$7),0,AND($K87<=W$7,$L87<=W$7),1,AND($K87<=W$7,$L87>W$7),((W$7-$K87)/($L87-$K87)))} -> #REF! | Y87: {=_xlfn.IFS(AND($K87>X$7,$L87>X$7),0,AND($K87<=X$7,$L87<=X$7),1,AND($K87<=X$7,$L87>X$7),((X$7-$K87)/($L87-$K87)))} -> #REF! | Z87: {=_xlfn.IFS(AND($K87>Y$7,$L87>Y$7),0,AND($K87<=Y$7,$L87<=Y$7),1,AND($K87<=Y$7,$L87>Y$7),((Y$7-$K87)/($L87-$K87)))} -> #REF! | ... BN87: {=_xlfn.IFS(AND($K87>BM$7,$L87>BM$7),0,AND($K87<=BM$7,$L87<=BM$7),1,AND($K87<=BM$7,$L87>BM$7),((BM$7-$K87)/($L87-$K87)))} -> #REF!
B88: Nível 5 | C88: 1.3.2.1.11 | E88: =$H$45 -> Desenvolvimento da Transformação dos Processos | F88: =$H$76 -> Modelagem To Be | G88: =$H$77 -> Modelagem To Be | H88: Modelagem (To Be) do processo de Monitoramento do Acesso de Colaboradores às Areas Críticas | I88: 45817 | J88: 45821 | K88: 45817 | L88: 45821 | N88: {=_xlfn.IFS(L88<$M$3,"Concluído",AND(K88>=$M$3,I88<$M$3,L88>$M$3),"Em andamento",AND(L88>=$M$3,J88<$M$3),"Atrasado",AND(L88>=$M$3,J88>=$M$3,I88>$M$3,K88<=$M$3),"Em andamento",AND(L88>=$M$3,J88>=$M$3,I88<=$M$3,K88<=$M$3),"Em andamento",AND(K88>$M$3,I88>$M$3),"Não iniciado",AND(L88>=$M$3,J88>=$M$3,K88>=$M$3,I88<$M$3),"Atrasado",AND(L88>=$M$3,J88>=$M$3,K88>=$M$3,I88>$M$3),"Não iniciado",AND($I88<=$M$3,$K88>$M$3),"Atrasado")} -> Concluído | O88: {=_xlfn.IFS(N88="Não iniciado",0,N88="Em andamento",1,N88="Concluído",2,N88="Atrasado",3)} -> 2 | Q88: {=_xlfn.IFS(AND($I88<$N$3,$J88<$N$3),1,AND($I88<=$N$3,$J88>=$N$3),0.5,AND($I88>=$N$3,$J88>=$N$3),0)} -> 1 | R88: {=_xlfn.IFS(AND($K88<$N$3,$L88<$N$3),1,AND($K88<=$N$3,$L88>=$N$3),0.5,AND($K88>=$N$3,$L88>=$N$3),0)} -> 1 | S88: {=_xlfn.IFS(AND($K88>R$7,$L88>R$7),0,AND($K88<=R$7,$L88<=R$7),1,AND($K88<=R$7,$L88>R$7),((R$7-$K88)/($L88-$K88)))} -> #REF! | T88: {=_xlfn.IFS(AND($K88>S$7,$L88>S$7),0,AND($K88<=S$7,$L88<=S$7),1,AND($K88<=S$7,$L88>S$7),((S$7-$K88)/($L88-$K88)))} -> #REF! | U88: {=_xlfn.IFS(AND($K88>T$7,$L88>T$7),0,AND($K88<=T$7,$L88<=T$7),1,AND($K88<=T$7,$L88>T$7),((T$7-$K88)/($L88-$K88)))} -> #REF! | V88: {=_xlfn.IFS(AND($K88>U$7,$L88>U$7),0,AND($K88<=U$7,$L88<=U$7),1,AND($K88<=U$7,$L88>U$7),((U$7-$K88)/($L88-$K88)))} -> #REF! | W88: {=_xlfn.IFS(AND($K88>V$7,$L88>V$7),0,AND($K88<=V$7,$L88<=V$7),1,AND($K88<=V$7,$L88>V$7),((V$7-$K88)/($L88-$K88)))} -> #REF! | X88: {=_xlfn.IFS(AND($K88>W$7,$L88>W$7),0,AND($K88<=W$7,$L88<=W$7),1,AND($K88<=W$7,$L88>W$7),((W$7-$K88)/($L88-$K88)))} -> #REF! | Y88: {=_xlfn.IFS(AND($K88>X$7,$L88>X$7),0,AND($K88<=X$7,$L88<=X$7),1,AND($K88<=X$7,$L88>X$7),((X$7-$K88)/($L88-$K88)))} -> #REF! | Z88: {=_xlfn.IFS(AND($K88>Y$7,$L88>Y$7),0,AND($K88<=Y$7,$L88<=Y$7),1,AND($K88<=Y$7,$L88>Y$7),((Y$7-$K88)/($L88-$K88)))} -> #REF! | ... BN88: {=_xlfn.IFS(AND($K88>BM$7,$L88>BM$7),0,AND($K88<=BM$7,$L88<=BM$7),1,AND($K88<=BM$7,$L88>BM$7),((BM$7-$K88)/($L88-$K88)))} -> #REF!
B89: Nível 5 | C89: 1.3.2.1.12 | E89: =$H$45 -> Desenvolvimento da Transformação dos Processos | F89: =$H$76 -> Modelagem To Be | G89: =$H$77 -> Modelagem To Be | H89: Modelagem (To Be) do processo de Acompanhamento a fiscalizações e resposta a ofícios | I89: 45817 | J89: 45821 | K89: 45817 | L89: 45821 | N89: {=_xlfn.IFS(L89<$M$3,"Concluído",AND(K89>=$M$3,I89<$M$3,L89>$M$3),"Em andamento",AND(L89>=$M$3,J89<$M$3),"Atrasado",AND(L89>=$M$3,J89>=$M$3,I89>$M$3,K89<=$M$3),"Em andamento",AND(L89>=$M$3,J89>=$M$3,I89<=$M$3,K89<=$M$3),"Em andamento",AND(K89>$M$3,I89>$M$3),"Não iniciado",AND(L89>=$M$3,J89>=$M$3,K89>=$M$3,I89<$M$3),"Atrasado",AND(L89>=$M$3,J89>=$M$3,K89>=$M$3,I89>$M$3),"Não iniciado",AND($I89<=$M$3,$K89>$M$3),"Atrasado")} -> Concluído | O89: {=_xlfn.IFS(N89="Não iniciado",0,N89="Em andamento",1,N89="Concluído",2,N89="Atrasado",3)} -> 2 | Q89: {=_xlfn.IFS(AND($I89<$N$3,$J89<$N$3),1,AND($I89<=$N$3,$J89>=$N$3),0.5,AND($I89>=$N$3,$J89>=$N$3),0)} -> 1 | R89: {=_xlfn.IFS(AND($K89<$N$3,$L89<$N$3),1,AND($K89<=$N$3,$L89>=$N$3),0.5,AND($K89>=$N$3,$L89>=$N$3),0)} -> 1 | S89: {=_xlfn.IFS(AND($K89>R$7,$L89>R$7),0,AND($K89<=R$7,$L89<=R$7),1,AND($K89<=R$7,$L89>R$7),((R$7-$K89)/($L89-$K89)))} -> #REF! | T89: {=_xlfn.IFS(AND($K89>S$7,$L89>S$7),0,AND($K89<=S$7,$L89<=S$7),1,AND($K89<=S$7,$L89>S$7),((S$7-$K89)/($L89-$K89)))} -> #REF! | U89: {=_xlfn.IFS(AND($K89>T$7,$L89>T$7),0,AND($K89<=T$7,$L89<=T$7),1,AND($K89<=T$7,$L89>T$7),((T$7-$K89)/($L89-$K89)))} -> #REF! | V89: {=_xlfn.IFS(AND($K89>U$7,$L89>U$7),0,AND($K89<=U$7,$L89<=U$7),1,AND($K89<=U$7,$L89>U$7),((U$7-$K89)/($L89-$K89)))} -> #REF! | W89: {=_xlfn.IFS(AND($K89>V$7,$L89>V$7),0,AND($K89<=V$7,$L89<=V$7),1,AND($K89<=V$7,$L89>V$7),((V$7-$K89)/($L89-$K89)))} -> #REF! | X89: {=_xlfn.IFS(AND($K89>W$7,$L89>W$7),0,AND($K89<=W$7,$L89<=W$7),1,AND($K89<=W$7,$L89>W$7),((W$7-$K89)/($L89-$K89)))} -> #REF! | Y89: {=_xlfn.IFS(AND($K89>X$7,$L89>X$7),0,AND($K89<=X$7,$L89<=X$7),1,AND($K89<=X$7,$L89>X$7),((X$7-$K89)/($L89-$K89)))} -> #REF! | Z89: {=_xlfn.IFS(AND($K89>Y$7,$L89>Y$7),0,AND($K89<=Y$7,$L89<=Y$7),1,AND($K89<=Y$7,$L89>Y$7),((Y$7-$K89)/($L89-$K89)))} -> #REF! | ... BN89: {=_xlfn.IFS(AND($K89>BM$7,$L89>BM$7),0,AND($K89<=BM$7,$L89<=BM$7),1,AND($K89<=BM$7,$L89>BM$7),((BM$7-$K89)/($L89-$K89)))} -> #REF!
B90: Nível 5 | C90: 1.3.2.1.13 | E90: =$H$45 -> Desenvolvimento da Transformação dos Processos | F90: =$H$76 -> Modelagem To Be | G90: =$H$77 -> Modelagem To Be | H90: Modelagem (To Be) do processo de Condução de auditorias | I90: 45845 | J90: 45849 | K90: 45845 | L90: 45849 | N90: {=_xlfn.IFS(L90<$M$3,"Concluído",AND(K90>=$M$3,I90<$M$3,L90>$M$3),"Em andamento",AND(L90>=$M$3,J90<$M$3),"Atrasado",AND(L90>=$M$3,J90>=$M$3,I90>$M$3,K90<=$M$3),"Em andamento",AND(L90>=$M$3,J90>=$M$3,I90<=$M$3,K90<=$M$3),"Em andamento",AND(K90>$M$3,I90>$M$3),"Não iniciado",AND(L90>=$M$3,J90>=$M$3,K90>=$M$3,I90<$M$3),"Atrasado",AND(L90>=$M$3,J90>=$M$3,K90>=$M$3,I90>$M$3),"Não iniciado",AND($I90<=$M$3,$K90>$M$3),"Atrasado")} -> Concluído | O90: {=_xlfn.IFS(N90="Não iniciado",0,N90="Em andamento",1,N90="Concluído",2,N90="Atrasado",3)} -> 2 | Q90: {=_xlfn.IFS(AND($I90<$N$3,$J90<$N$3),1,AND($I90<=$N$3,$J90>=$N$3),0.5,AND($I90>=$N$3,$J90>=$N$3),0)} -> 1 | R90: {=_xlfn.IFS(AND($K90<$N$3,$L90<$N$3),1,AND($K90<=$N$3,$L90>=$N$3),0.5,AND($K90>=$N$3,$L90>=$N$3),0)} -> 1 | S90: {=_xlfn.IFS(AND($K90>R$7,$L90>R$7),0,AND($K90<=R$7,$L90<=R$7),1,AND($K90<=R$7,$L90>R$7),((R$7-$K90)/($L90-$K90)))} -> #REF! | T90: {=_xlfn.IFS(AND($K90>S$7,$L90>S$7),0,AND($K90<=S$7,$L90<=S$7),1,AND($K90<=S$7,$L90>S$7),((S$7-$K90)/($L90-$K90)))} -> #REF! | U90: {=_xlfn.IFS(AND($K90>T$7,$L90>T$7),0,AND($K90<=T$7,$L90<=T$7),1,AND($K90<=T$7,$L90>T$7),((T$7-$K90)/($L90-$K90)))} -> #REF! | V90: {=_xlfn.IFS(AND($K90>U$7,$L90>U$7),0,AND($K90<=U$7,$L90<=U$7),1,AND($K90<=U$7,$L90>U$7),((U$7-$K90)/($L90-$K90)))} -> #REF! | W90: {=_xlfn.IFS(AND($K90>V$7,$L90>V$7),0,AND($K90<=V$7,$L90<=V$7),1,AND($K90<=V$7,$L90>V$7),((V$7-$K90)/($L90-$K90)))} -> #REF! | X90: {=_xlfn.IFS(AND($K90>W$7,$L90>W$7),0,AND($K90<=W$7,$L90<=W$7),1,AND($K90<=W$7,$L90>W$7),((W$7-$K90)/($L90-$K90)))} -> #REF! | Y90: {=_xlfn.IFS(AND($K90>X$7,$L90>X$7),0,AND($K90<=X$7,$L90<=X$7),1,AND($K90<=X$7,$L90>X$7),((X$7-$K90)/($L90-$K90)))} -> #REF! | Z90: {=_xlfn.IFS(AND($K90>Y$7,$L90>Y$7),0,AND($K90<=Y$7,$L90<=Y$7),1,AND($K90<=Y$7,$L90>Y$7),((Y$7-$K90)/($L90-$K90)))} -> #REF! | ... BN90: {=_xlfn.IFS(AND($K90>BM$7,$L90>BM$7),0,AND($K90<=BM$7,$L90<=BM$7),1,AND($K90<=BM$7,$L90>BM$7),((BM$7-$K90)/($L90-$K90)))} -> #REF!
B91: Nível 5 | C91: 1.3.2.1.14 | E91: =$H$45 -> Desenvolvimento da Transformação dos Processos | F91: =$H$76 -> Modelagem To Be | G91: =$H$77 -> Modelagem To Be | H91: Modelagem (To Be) do processo de Gestão de EoR | I91: 45845 | J91: 45849 | K91: 45845 | L91: 45849 | N91: {=_xlfn.IFS(L91<$M$3,"Concluído",AND(K91>=$M$3,I91<$M$3,L91>$M$3),"Em andamento",AND(L91>=$M$3,J91<$M$3),"Atrasado",AND(L91>=$M$3,J91>=$M$3,I91>$M$3,K91<=$M$3),"Em andamento",AND(L91>=$M$3,J91>=$M$3,I91<=$M$3,K91<=$M$3),"Em andamento",AND(K91>$M$3,I91>$M$3),"Não iniciado",AND(L91>=$M$3,J91>=$M$3,K91>=$M$3,I91<$M$3),"Atrasado",AND(L91>=$M$3,J91>=$M$3,K91>=$M$3,I91>$M$3),"Não iniciado",AND($I91<=$M$3,$K91>$M$3),"Atrasado")} -> Concluído | O91: {=_xlfn.IFS(N91="Não iniciado",0,N91="Em andamento",1,N91="Concluído",2,N91="Atrasado",3)} -> 2 | Q91: {=_xlfn.IFS(AND($I91<$N$3,$J91<$N$3),1,AND($I91<=$N$3,$J91>=$N$3),0.5,AND($I91>=$N$3,$J91>=$N$3),0)} -> 1 | R91: {=_xlfn.IFS(AND($K91<$N$3,$L91<$N$3),1,AND($K91<=$N$3,$L91>=$N$3),0.5,AND($K91>=$N$3,$L91>=$N$3),0)} -> 1 | S91: {=_xlfn.IFS(AND($K91>R$7,$L91>R$7),0,AND($K91<=R$7,$L91<=R$7),1,AND($K91<=R$7,$L91>R$7),((R$7-$K91)/($L91-$K91)))} -> #REF! | T91: {=_xlfn.IFS(AND($K91>S$7,$L91>S$7),0,AND($K91<=S$7,$L91<=S$7),1,AND($K91<=S$7,$L91>S$7),((S$7-$K91)/($L91-$K91)))} -> #REF! | U91: {=_xlfn.IFS(AND($K91>T$7,$L91>T$7),0,AND($K91<=T$7,$L91<=T$7),1,AND($K91<=T$7,$L91>T$7),((T$7-$K91)/($L91-$K91)))} -> #REF! | V91: {=_xlfn.IFS(AND($K91>U$7,$L91>U$7),0,AND($K91<=U$7,$L91<=U$7),1,AND($K91<=U$7,$L91>U$7),((U$7-$K91)/($L91-$K91)))} -> #REF! | W91: {=_xlfn.IFS(AND($K91>V$7,$L91>V$7),0,AND($K91<=V$7,$L91<=V$7),1,AND($K91<=V$7,$L91>V$7),((V$7-$K91)/($L91-$K91)))} -> #REF! | X91: {=_xlfn.IFS(AND($K91>W$7,$L91>W$7),0,AND($K91<=W$7,$L91<=W$7),1,AND($K91<=W$7,$L91>W$7),((W$7-$K91)/($L91-$K91)))} -> #REF! | Y91: {=_xlfn.IFS(AND($K91>X$7,$L91>X$7),0,AND($K91<=X$7,$L91<=X$7),1,AND($K91<=X$7,$L91>X$7),((X$7-$K91)/($L91-$K91)))} -> #REF! | Z91: {=_xlfn.IFS(AND($K91>Y$7,$L91>Y$7),0,AND($K91<=Y$7,$L91<=Y$7),1,AND($K91<=Y$7,$L91>Y$7),((Y$7-$K91)/($L91-$K91)))} -> #REF! | ... BN91: {=_xlfn.IFS(AND($K91>BM$7,$L91>BM$7),0,AND($K91<=BM$7,$L91<=BM$7),1,AND($K91<=BM$7,$L91>BM$7),((BM$7-$K91)/($L91-$K91)))} -> #REF!
B92: Nível 5 | C92: 1.3.2.1.15 | E92: =$H$45 -> Desenvolvimento da Transformação dos Processos | F92: =$H$76 -> Modelagem To Be | G92: =$H$77 -> Modelagem To Be | H92: Modelagem (To Be) do processo de Gestão e Elaboração de estudos relacionados às Barragens e Pilhas | I92: 45845 | J92: 45849 | K92: 45845 | L92: 45849 | N92: {=_xlfn.IFS(L92<$M$3,"Concluído",AND(K92>=$M$3,I92<$M$3,L92>$M$3),"Em andamento",AND(L92>=$M$3,J92<$M$3),"Atrasado",AND(L92>=$M$3,J92>=$M$3,I92>$M$3,K92<=$M$3),"Em andamento",AND(L92>=$M$3,J92>=$M$3,I92<=$M$3,K92<=$M$3),"Em andamento",AND(K92>$M$3,I92>$M$3),"Não iniciado",AND(L92>=$M$3,J92>=$M$3,K92>=$M$3,I92<$M$3),"Atrasado",AND(L92>=$M$3,J92>=$M$3,K92>=$M$3,I92>$M$3),"Não iniciado",AND($I92<=$M$3,$K92>$M$3),"Atrasado")} -> Concluído | O92: {=_xlfn.IFS(N92="Não iniciado",0,N92="Em andamento",1,N92="Concluído",2,N92="Atrasado",3)} -> 2 | Q92: {=_xlfn.IFS(AND($I92<$N$3,$J92<$N$3),1,AND($I92<=$N$3,$J92>=$N$3),0.5,AND($I92>=$N$3,$J92>=$N$3),0)} -> 1 | R92: {=_xlfn.IFS(AND($K92<$N$3,$L92<$N$3),1,AND($K92<=$N$3,$L92>=$N$3),0.5,AND($K92>=$N$3,$L92>=$N$3),0)} -> 1 | S92: {=_xlfn.IFS(AND($K92>R$7,$L92>R$7),0,AND($K92<=R$7,$L92<=R$7),1,AND($K92<=R$7,$L92>R$7),((R$7-$K92)/($L92-$K92)))} -> #REF! | T92: {=_xlfn.IFS(AND($K92>S$7,$L92>S$7),0,AND($K92<=S$7,$L92<=S$7),1,AND($K92<=S$7,$L92>S$7),((S$7-$K92)/($L92-$K92)))} -> #REF! | U92: {=_xlfn.IFS(AND($K92>T$7,$L92>T$7),0,AND($K92<=T$7,$L92<=T$7),1,AND($K92<=T$7,$L92>T$7),((T$7-$K92)/($L92-$K92)))} -> #REF! | V92: {=_xlfn.IFS(AND($K92>U$7,$L92>U$7),0,AND($K92<=U$7,$L92<=U$7),1,AND($K92<=U$7,$L92>U$7),((U$7-$K92)/($L92-$K92)))} -> #REF! | W92: {=_xlfn.IFS(AND($K92>V$7,$L92>V$7),0,AND($K92<=V$7,$L92<=V$7),1,AND($K92<=V$7,$L92>V$7),((V$7-$K92)/($L92-$K92)))} -> #REF! | X92: {=_xlfn.IFS(AND($K92>W$7,$L92>W$7),0,AND($K92<=W$7,$L92<=W$7),1,AND($K92<=W$7,$L92>W$7),((W$7-$K92)/($L92-$K92)))} -> #REF! | Y92: {=_xlfn.IFS(AND($K92>X$7,$L92>X$7),0,AND($K92<=X$7,$L92<=X$7),1,AND($K92<=X$7,$L92>X$7),((X$7-$K92)/($L92-$K92)))} -> #REF! | Z92: {=_xlfn.IFS(AND($K92>Y$7,$L92>Y$7),0,AND($K92<=Y$7,$L92<=Y$7),1,AND($K92<=Y$7,$L92>Y$7),((Y$7-$K92)/($L92-$K92)))} -> #REF! | ... BN92: {=_xlfn.IFS(AND($K92>BM$7,$L92>BM$7),0,AND($K92<=BM$7,$L92<=BM$7),1,AND($K92<=BM$7,$L92>BM$7),((BM$7-$K92)/($L92-$K92)))} -> #REF!
B93: Nível 5 | C93: 1.3.2.1.16 | E93: =$H$45 -> Desenvolvimento da Transformação dos Processos | F93: =$H$76 -> Modelagem To Be | G93: =$H$77 -> Modelagem To Be | H93: Modelagem (To Be) do processo de Avaliação e garantia da adesão dos mapas à legislação | I93: 45880 | J93: 45884 | K93: 45880 | L93: 45884 | N93: {=_xlfn.IFS(L93<$M$3,"Concluído",AND(K93>=$M$3,I93<$M$3,L93>$M$3),"Em andamento",AND(L93>=$M$3,J93<$M$3),"Atrasado",AND(L93>=$M$3,J93>=$M$3,I93>$M$3,K93<=$M$3),"Em andamento",AND(L93>=$M$3,J93>=$M$3,I93<=$M$3,K93<=$M$3),"Em andamento",AND(K93>$M$3,I93>$M$3),"Não iniciado",AND(L93>=$M$3,J93>=$M$3,K93>=$M$3,I93<$M$3),"Atrasado",AND(L93>=$M$3,J93>=$M$3,K93>=$M$3,I93>$M$3),"Não iniciado",AND($I93<=$M$3,$K93>$M$3),"Atrasado")} -> Concluído | O93: {=_xlfn.IFS(N93="Não iniciado",0,N93="Em andamento",1,N93="Concluído",2,N93="Atrasado",3)} -> 2 | Q93: {=_xlfn.IFS(AND($I93<$N$3,$J93<$N$3),1,AND($I93<=$N$3,$J93>=$N$3),0.5,AND($I93>=$N$3,$J93>=$N$3),0)} -> 1 | R93: {=_xlfn.IFS(AND($K93<$N$3,$L93<$N$3),1,AND($K93<=$N$3,$L93>=$N$3),0.5,AND($K93>=$N$3,$L93>=$N$3),0)} -> 1 | S93: {=_xlfn.IFS(AND($K93>R$7,$L93>R$7),0,AND($K93<=R$7,$L93<=R$7),1,AND($K93<=R$7,$L93>R$7),((R$7-$K93)/($L93-$K93)))} -> #REF! | T93: {=_xlfn.IFS(AND($K93>S$7,$L93>S$7),0,AND($K93<=S$7,$L93<=S$7),1,AND($K93<=S$7,$L93>S$7),((S$7-$K93)/($L93-$K93)))} -> #REF! | U93: {=_xlfn.IFS(AND($K93>T$7,$L93>T$7),0,AND($K93<=T$7,$L93<=T$7),1,AND($K93<=T$7,$L93>T$7),((T$7-$K93)/($L93-$K93)))} -> #REF! | V93: {=_xlfn.IFS(AND($K93>U$7,$L93>U$7),0,AND($K93<=U$7,$L93<=U$7),1,AND($K93<=U$7,$L93>U$7),((U$7-$K93)/($L93-$K93)))} -> #REF! | W93: {=_xlfn.IFS(AND($K93>V$7,$L93>V$7),0,AND($K93<=V$7,$L93<=V$7),1,AND($K93<=V$7,$L93>V$7),((V$7-$K93)/($L93-$K93)))} -> #REF! | X93: {=_xlfn.IFS(AND($K93>W$7,$L93>W$7),0,AND($K93<=W$7,$L93<=W$7),1,AND($K93<=W$7,$L93>W$7),((W$7-$K93)/($L93-$K93)))} -> #REF! | Y93: {=_xlfn.IFS(AND($K93>X$7,$L93>X$7),0,AND($K93<=X$7,$L93<=X$7),1,AND($K93<=X$7,$L93>X$7),((X$7-$K93)/($L93-$K93)))} -> #REF! | Z93: {=_xlfn.IFS(AND($K93>Y$7,$L93>Y$7),0,AND($K93<=Y$7,$L93<=Y$7),1,AND($K93<=Y$7,$L93>Y$7),((Y$7-$K93)/($L93-$K93)))} -> #REF! | ... BN93: {=_xlfn.IFS(AND($K93>BM$7,$L93>BM$7),0,AND($K93<=BM$7,$L93<=BM$7),1,AND($K93<=BM$7,$L93>BM$7),((BM$7-$K93)/($L93-$K93)))} -> #REF!
B94: Nível 5 | C94: 1.3.2.1.17 | E94: =$H$45 -> Desenvolvimento da Transformação dos Processos | F94: =$H$76 -> Modelagem To Be | G94: =$H$77 -> Modelagem To Be | H94: Modelagem (To Be) do processo de Planejamento e Gestão de Simulados e Treinamentos | I94: 45880 | J94: 45884 | K94: 45880 | L94: 45884 | N94: {=_xlfn.IFS(L94<$M$3,"Concluído",AND(K94>=$M$3,I94<$M$3,L94>$M$3),"Em andamento",AND(L94>=$M$3,J94<$M$3),"Atrasado",AND(L94>=$M$3,J94>=$M$3,I94>$M$3,K94<=$M$3),"Em andamento",AND(L94>=$M$3,J94>=$M$3,I94<=$M$3,K94<=$M$3),"Em andamento",AND(K94>$M$3,I94>$M$3),"Não iniciado",AND(L94>=$M$3,J94>=$M$3,K94>=$M$3,I94<$M$3),"Atrasado",AND(L94>=$M$3,J94>=$M$3,K94>=$M$3,I94>$M$3),"Não iniciado",AND($I94<=$M$3,$K94>$M$3),"Atrasado")} -> Concluído | O94: {=_xlfn.IFS(N94="Não iniciado",0,N94="Em andamento",1,N94="Concluído",2,N94="Atrasado",3)} -> 2 | Q94: {=_xlfn.IFS(AND($I94<$N$3,$J94<$N$3),1,AND($I94<=$N$3,$J94>=$N$3),0.5,AND($I94>=$N$3,$J94>=$N$3),0)} -> 1 | R94: {=_xlfn.IFS(AND($K94<$N$3,$L94<$N$3),1,AND($K94<=$N$3,$L94>=$N$3),0.5,AND($K94>=$N$3,$L94>=$N$3),0)} -> 1 | S94: {=_xlfn.IFS(AND($K94>R$7,$L94>R$7),0,AND($K94<=R$7,$L94<=R$7),1,AND($K94<=R$7,$L94>R$7),((R$7-$K94)/($L94-$K94)))} -> #REF! | T94: {=_xlfn.IFS(AND($K94>S$7,$L94>S$7),0,AND($K94<=S$7,$L94<=S$7),1,AND($K94<=S$7,$L94>S$7),((S$7-$K94)/($L94-$K94)))} -> #REF! | U94: {=_xlfn.IFS(AND($K94>T$7,$L94>T$7),0,AND($K94<=T$7,$L94<=T$7),1,AND($K94<=T$7,$L94>T$7),((T$7-$K94)/($L94-$K94)))} -> #REF! | V94: {=_xlfn.IFS(AND($K94>U$7,$L94>U$7),0,AND($K94<=U$7,$L94<=U$7),1,AND($K94<=U$7,$L94>U$7),((U$7-$K94)/($L94-$K94)))} -> #REF! | W94: {=_xlfn.IFS(AND($K94>V$7,$L94>V$7),0,AND($K94<=V$7,$L94<=V$7),1,AND($K94<=V$7,$L94>V$7),((V$7-$K94)/($L94-$K94)))} -> #REF! | X94: {=_xlfn.IFS(AND($K94>W$7,$L94>W$7),0,AND($K94<=W$7,$L94<=W$7),1,AND($K94<=W$7,$L94>W$7),((W$7-$K94)/($L94-$K94)))} -> #REF! | Y94: {=_xlfn.IFS(AND($K94>X$7,$L94>X$7),0,AND($K94<=X$7,$L94<=X$7),1,AND($K94<=X$7,$L94>X$7),((X$7-$K94)/($L94-$K94)))} -> #REF! | Z94: {=_xlfn.IFS(AND($K94>Y$7,$L94>Y$7),0,AND($K94<=Y$7,$L94<=Y$7),1,AND($K94<=Y$7,$L94>Y$7),((Y$7-$K94)/($L94-$K94)))} -> #REF! | ... BN94: {=_xlfn.IFS(AND($K94>BM$7,$L94>BM$7),0,AND($K94<=BM$7,$L94<=BM$7),1,AND($K94<=BM$7,$L94>BM$7),((BM$7-$K94)/($L94-$K94)))} -> #REF!
B95: Nível 5 | C95: 1.3.2.1.18 | E95: =$H$45 -> Desenvolvimento da Transformação dos Processos | F95: =$H$76 -> Modelagem To Be | G95: =$H$77 -> Modelagem To Be | H95: Modelagem (To Be) do processo de Gestão de ACO/DCO | I95: 45880 | J95: 45884 | K95: 45880 | L95: 45884 | N95: {=_xlfn.IFS(L95<$M$3,"Concluído",AND(K95>=$M$3,I95<$M$3,L95>$M$3),"Em andamento",AND(L95>=$M$3,J95<$M$3),"Atrasado",AND(L95>=$M$3,J95>=$M$3,I95>$M$3,K95<=$M$3),"Em andamento",AND(L95>=$M$3,J95>=$M$3,I95<=$M$3,K95<=$M$3),"Em andamento",AND(K95>$M$3,I95>$M$3),"Não iniciado",AND(L95>=$M$3,J95>=$M$3,K95>=$M$3,I95<$M$3),"Atrasado",AND(L95>=$M$3,J95>=$M$3,K95>=$M$3,I95>$M$3),"Não iniciado",AND($I95<=$M$3,$K95>$M$3),"Atrasado")} -> Concluído | O95: {=_xlfn.IFS(N95="Não iniciado",0,N95="Em andamento",1,N95="Concluído",2,N95="Atrasado",3)} -> 2 | Q95: {=_xlfn.IFS(AND($I95<$N$3,$J95<$N$3),1,AND($I95<=$N$3,$J95>=$N$3),0.5,AND($I95>=$N$3,$J95>=$N$3),0)} -> 1 | R95: {=_xlfn.IFS(AND($K95<$N$3,$L95<$N$3),1,AND($K95<=$N$3,$L95>=$N$3),0.5,AND($K95>=$N$3,$L95>=$N$3),0)} -> 1 | S95: {=_xlfn.IFS(AND($K95>R$7,$L95>R$7),0,AND($K95<=R$7,$L95<=R$7),1,AND($K95<=R$7,$L95>R$7),((R$7-$K95)/($L95-$K95)))} -> #REF! | T95: {=_xlfn.IFS(AND($K95>S$7,$L95>S$7),0,AND($K95<=S$7,$L95<=S$7),1,AND($K95<=S$7,$L95>S$7),((S$7-$K95)/($L95-$K95)))} -> #REF! | U95: {=_xlfn.IFS(AND($K95>T$7,$L95>T$7),0,AND($K95<=T$7,$L95<=T$7),1,AND($K95<=T$7,$L95>T$7),((T$7-$K95)/($L95-$K95)))} -> #REF! | V95: {=_xlfn.IFS(AND($K95>U$7,$L95>U$7),0,AND($K95<=U$7,$L95<=U$7),1,AND($K95<=U$7,$L95>U$7),((U$7-$K95)/($L95-$K95)))} -> #REF! | W95: {=_xlfn.IFS(AND($K95>V$7,$L95>V$7),0,AND($K95<=V$7,$L95<=V$7),1,AND($K95<=V$7,$L95>V$7),((V$7-$K95)/($L95-$K95)))} -> #REF! | X95: {=_xlfn.IFS(AND($K95>W$7,$L95>W$7),0,AND($K95<=W$7,$L95<=W$7),1,AND($K95<=W$7,$L95>W$7),((W$7-$K95)/($L95-$K95)))} -> #REF! | Y95: {=_xlfn.IFS(AND($K95>X$7,$L95>X$7),0,AND($K95<=X$7,$L95<=X$7),1,AND($K95<=X$7,$L95>X$7),((X$7-$K95)/($L95-$K95)))} -> #REF! | Z95: {=_xlfn.IFS(AND($K95>Y$7,$L95>Y$7),0,AND($K95<=Y$7,$L95<=Y$7),1,AND($K95<=Y$7,$L95>Y$7),((Y$7-$K95)/($L95-$K95)))} -> #REF! | ... BN95: {=_xlfn.IFS(AND($K95>BM$7,$L95>BM$7),0,AND($K95<=BM$7,$L95<=BM$7),1,AND($K95<=BM$7,$L95>BM$7),((BM$7-$K95)/($L95-$K95)))} -> #REF!
B96: Nível 5 | C96: 1.3.2.1.19 | E96: =$H$45 -> Desenvolvimento da Transformação dos Processos | F96: =$H$76 -> Modelagem To Be | G96: =$H$77 -> Modelagem To Be | H96: Modelagem (To Be) do processo de Elaboração de Projetos Geotécnicos (FEL01) | I96: 45908 | J96: 45912 | K96: 45908 | L96: 45912 | N96: {=_xlfn.IFS(L96<$M$3,"Concluído",AND(K96>=$M$3,I96<$M$3,L96>$M$3),"Em andamento",AND(L96>=$M$3,J96<$M$3),"Atrasado",AND(L96>=$M$3,J96>=$M$3,I96>$M$3,K96<=$M$3),"Em andamento",AND(L96>=$M$3,J96>=$M$3,I96<=$M$3,K96<=$M$3),"Em andamento",AND(K96>$M$3,I96>$M$3),"Não iniciado",AND(L96>=$M$3,J96>=$M$3,K96>=$M$3,I96<$M$3),"Atrasado",AND(L96>=$M$3,J96>=$M$3,K96>=$M$3,I96>$M$3),"Não iniciado",AND($I96<=$M$3,$K96>$M$3),"Atrasado")} -> Concluído | O96: {=_xlfn.IFS(N96="Não iniciado",0,N96="Em andamento",1,N96="Concluído",2,N96="Atrasado",3)} -> 2 | Q96: {=_xlfn.IFS(AND($I96<$N$3,$J96<$N$3),1,AND($I96<=$N$3,$J96>=$N$3),0.5,AND($I96>=$N$3,$J96>=$N$3),0)} -> 1 | R96: {=_xlfn.IFS(AND($K96<$N$3,$L96<$N$3),1,AND($K96<=$N$3,$L96>=$N$3),0.5,AND($K96>=$N$3,$L96>=$N$3),0)} -> 1 | S96: {=_xlfn.IFS(AND($K96>R$7,$L96>R$7),0,AND($K96<=R$7,$L96<=R$7),1,AND($K96<=R$7,$L96>R$7),((R$7-$K96)/($L96-$K96)))} -> #REF! | T96: {=_xlfn.IFS(AND($K96>S$7,$L96>S$7),0,AND($K96<=S$7,$L96<=S$7),1,AND($K96<=S$7,$L96>S$7),((S$7-$K96)/($L96-$K96)))} -> #REF! | U96: {=_xlfn.IFS(AND($K96>T$7,$L96>T$7),0,AND($K96<=T$7,$L96<=T$7),1,AND($K96<=T$7,$L96>T$7),((T$7-$K96)/($L96-$K96)))} -> #REF! | V96: {=_xlfn.IFS(AND($K96>U$7,$L96>U$7),0,AND($K96<=U$7,$L96<=U$7),1,AND($K96<=U$7,$L96>U$7),((U$7-$K96)/($L96-$K96)))} -> #REF! | W96: {=_xlfn.IFS(AND($K96>V$7,$L96>V$7),0,AND($K96<=V$7,$L96<=V$7),1,AND($K96<=V$7,$L96>V$7),((V$7-$K96)/($L96-$K96)))} -> #REF! | X96: {=_xlfn.IFS(AND($K96>W$7,$L96>W$7),0,AND($K96<=W$7,$L96<=W$7),1,AND($K96<=W$7,$L96>W$7),((W$7-$K96)/($L96-$K96)))} -> #REF! | Y96: {=_xlfn.IFS(AND($K96>X$7,$L96>X$7),0,AND($K96<=X$7,$L96<=X$7),1,AND($K96<=X$7,$L96>X$7),((X$7-$K96)/($L96-$K96)))} -> #REF! | Z96: {=_xlfn.IFS(AND($K96>Y$7,$L96>Y$7),0,AND($K96<=Y$7,$L96<=Y$7),1,AND($K96<=Y$7,$L96>Y$7),((Y$7-$K96)/($L96-$K96)))} -> #REF! | ... BN96: {=_xlfn.IFS(AND($K96>BM$7,$L96>BM$7),0,AND($K96<=BM$7,$L96<=BM$7),1,AND($K96<=BM$7,$L96>BM$7),((BM$7-$K96)/($L96-$K96)))} -> #REF!
B97: Nível 5 | C97: 1.3.2.1.20 | E97: =$H$45 -> Desenvolvimento da Transformação dos Processos | F97: =$H$76 -> Modelagem To Be | G97: =$H$77 -> Modelagem To Be | H97: Modelagem (To Be) do processo de Gestão de Contratadas para Manutenção e Monitoramento das Estruturas | I97: 45908 | J97: 45912 | K97: 45908 | L97: 45912 | N97: {=_xlfn.IFS(L97<$M$3,"Concluído",AND(K97>=$M$3,I97<$M$3,L97>$M$3),"Em andamento",AND(L97>=$M$3,J97<$M$3),"Atrasado",AND(L97>=$M$3,J97>=$M$3,I97>$M$3,K97<=$M$3),"Em andamento",AND(L97>=$M$3,J97>=$M$3,I97<=$M$3,K97<=$M$3),"Em andamento",AND(K97>$M$3,I97>$M$3),"Não iniciado",AND(L97>=$M$3,J97>=$M$3,K97>=$M$3,I97<$M$3),"Atrasado",AND(L97>=$M$3,J97>=$M$3,K97>=$M$3,I97>$M$3),"Não iniciado",AND($I97<=$M$3,$K97>$M$3),"Atrasado")} -> Concluído | O97: {=_xlfn.IFS(N97="Não iniciado",0,N97="Em andamento",1,N97="Concluído",2,N97="Atrasado",3)} -> 2 | Q97: {=_xlfn.IFS(AND($I97<$N$3,$J97<$N$3),1,AND($I97<=$N$3,$J97>=$N$3),0.5,AND($I97>=$N$3,$J97>=$N$3),0)} -> 1 | R97: {=_xlfn.IFS(AND($K97<$N$3,$L97<$N$3),1,AND($K97<=$N$3,$L97>=$N$3),0.5,AND($K97>=$N$3,$L97>=$N$3),0)} -> 1 | S97: {=_xlfn.IFS(AND($K97>R$7,$L97>R$7),0,AND($K97<=R$7,$L97<=R$7),1,AND($K97<=R$7,$L97>R$7),((R$7-$K97)/($L97-$K97)))} -> #REF! | T97: {=_xlfn.IFS(AND($K97>S$7,$L97>S$7),0,AND($K97<=S$7,$L97<=S$7),1,AND($K97<=S$7,$L97>S$7),((S$7-$K97)/($L97-$K97)))} -> #REF! | U97: {=_xlfn.IFS(AND($K97>T$7,$L97>T$7),0,AND($K97<=T$7,$L97<=T$7),1,AND($K97<=T$7,$L97>T$7),((T$7-$K97)/($L97-$K97)))} -> #REF! | V97: {=_xlfn.IFS(AND($K97>U$7,$L97>U$7),0,AND($K97<=U$7,$L97<=U$7),1,AND($K97<=U$7,$L97>U$7),((U$7-$K97)/($L97-$K97)))} -> #REF! | W97: {=_xlfn.IFS(AND($K97>V$7,$L97>V$7),0,AND($K97<=V$7,$L97<=V$7),1,AND($K97<=V$7,$L97>V$7),((V$7-$K97)/($L97-$K97)))} -> #REF! | X97: {=_xlfn.IFS(AND($K97>W$7,$L97>W$7),0,AND($K97<=W$7,$L97<=W$7),1,AND($K97<=W$7,$L97>W$7),((W$7-$K97)/($L97-$K97)))} -> #REF! | Y97: {=_xlfn.IFS(AND($K97>X$7,$L97>X$7),0,AND($K97<=X$7,$L97<=X$7),1,AND($K97<=X$7,$L97>X$7),((X$7-$K97)/($L97-$K97)))} -> #REF! | Z97: {=_xlfn.IFS(AND($K97>Y$7,$L97>Y$7),0,AND($K97<=Y$7,$L97<=Y$7),1,AND($K97<=Y$7,$L97>Y$7),((Y$7-$K97)/($L97-$K97)))} -> #REF! | ... BN97: {=_xlfn.IFS(AND($K97>BM$7,$L97>BM$7),0,AND($K97<=BM$7,$L97<=BM$7),1,AND($K97<=BM$7,$L97>BM$7),((BM$7-$K97)/($L97-$K97)))} -> #REF!
B98: Nível 5 | C98: 1.3.2.1.21 | E98: =$H$45 -> Desenvolvimento da Transformação dos Processos | F98: =$H$76 -> Modelagem To Be | G98: =$H$77 -> Modelagem To Be | H98: Modelagem (To Be) do processo de Avaliação e Garantia da Adesão aos requisitos PNSB, PESB, CEDEC e demais regulamentações vigentes | I98: 45908 | J98: 45912 | K98: 45908 | L98: 45912 | N98: {=_xlfn.IFS(L98<$M$3,"Concluído",AND(K98>=$M$3,I98<$M$3,L98>$M$3),"Em andamento",AND(L98>=$M$3,J98<$M$3),"Atrasado",AND(L98>=$M$3,J98>=$M$3,I98>$M$3,K98<=$M$3),"Em andamento",AND(L98>=$M$3,J98>=$M$3,I98<=$M$3,K98<=$M$3),"Em andamento",AND(K98>$M$3,I98>$M$3),"Não iniciado",AND(L98>=$M$3,J98>=$M$3,K98>=$M$3,I98<$M$3),"Atrasado",AND(L98>=$M$3,J98>=$M$3,K98>=$M$3,I98>$M$3),"Não iniciado",AND($I98<=$M$3,$K98>$M$3),"Atrasado")} -> Concluído | O98: {=_xlfn.IFS(N98="Não iniciado",0,N98="Em andamento",1,N98="Concluído",2,N98="Atrasado",3)} -> 2 | Q98: {=_xlfn.IFS(AND($I98<$N$3,$J98<$N$3),1,AND($I98<=$N$3,$J98>=$N$3),0.5,AND($I98>=$N$3,$J98>=$N$3),0)} -> 1 | R98: {=_xlfn.IFS(AND($K98<$N$3,$L98<$N$3),1,AND($K98<=$N$3,$L98>=$N$3),0.5,AND($K98>=$N$3,$L98>=$N$3),0)} -> 1 | S98: {=_xlfn.IFS(AND($K98>R$7,$L98>R$7),0,AND($K98<=R$7,$L98<=R$7),1,AND($K98<=R$7,$L98>R$7),((R$7-$K98)/($L98-$K98)))} -> #REF! | T98: {=_xlfn.IFS(AND($K98>S$7,$L98>S$7),0,AND($K98<=S$7,$L98<=S$7),1,AND($K98<=S$7,$L98>S$7),((S$7-$K98)/($L98-$K98)))} -> #REF! | U98: {=_xlfn.IFS(AND($K98>T$7,$L98>T$7),0,AND($K98<=T$7,$L98<=T$7),1,AND($K98<=T$7,$L98>T$7),((T$7-$K98)/($L98-$K98)))} -> #REF! | V98: {=_xlfn.IFS(AND($K98>U$7,$L98>U$7),0,AND($K98<=U$7,$L98<=U$7),1,AND($K98<=U$7,$L98>U$7),((U$7-$K98)/($L98-$K98)))} -> #REF! | W98: {=_xlfn.IFS(AND($K98>V$7,$L98>V$7),0,AND($K98<=V$7,$L98<=V$7),1,AND($K98<=V$7,$L98>V$7),((V$7-$K98)/($L98-$K98)))} -> #REF! | X98: {=_xlfn.IFS(AND($K98>W$7,$L98>W$7),0,AND($K98<=W$7,$L98<=W$7),1,AND($K98<=W$7,$L98>W$7),((W$7-$K98)/($L98-$K98)))} -> #REF! | Y98: {=_xlfn.IFS(AND($K98>X$7,$L98>X$7),0,AND($K98<=X$7,$L98<=X$7),1,AND($K98<=X$7,$L98>X$7),((X$7-$K98)/($L98-$K98)))} -> #REF! | Z98: {=_xlfn.IFS(AND($K98>Y$7,$L98>Y$7),0,AND($K98<=Y$7,$L98<=Y$7),1,AND($K98<=Y$7,$L98>Y$7),((Y$7-$K98)/($L98-$K98)))} -> #REF! | ... BN98: {=_xlfn.IFS(AND($K98>BM$7,$L98>BM$7),0,AND($K98<=BM$7,$L98<=BM$7),1,AND($K98<=BM$7,$L98>BM$7),((BM$7-$K98)/($L98-$K98)))} -> #REF!
... B107: Nível 5 | C107: 1.3.2.1.30 | E107: =$H$45 -> Desenvolvimento da Transformação dos Processos | F107: =$H$76 -> Modelagem To Be | G107: =$H$77 -> Modelagem To Be | H107: Modelagem (To Be) do processo de Planejamento e execução da manutenção das estruturas | I107: 45992 | J107: 45996 | K107: 45992 | L107: 45996 | N107: {=_xlfn.IFS(L107<$M$3,"Concluído",AND(K107>=$M$3,I107<$M$3,L107>$M$3),"Em andamento",AND(L107>=$M$3,J107<$M$3),"Atrasado",AND(L107>=$M$3,J107>=$M$3,I107>$M$3,K107<=$M$3),"Em andamento",AND(L107>=$M$3,J107>=$M$3,I107<=$M$3,K107<=$M$3),"Em andamento",AND(K107>$M$3,I107>$M$3),"Não iniciado",AND(L107>=$M$3,J107>=$M$3,K107>=$M$3,I107<$M$3),"Atrasado",AND(L107>=$M$3,J107>=$M$3,K107>=$M$3,I107>$M$3),"Não iniciado",AND($I107<=$M$3,$K107>$M$3),"Atrasado")} -> Concluído | O107: {=_xlfn.IFS(N107="Não iniciado",0,N107="Em andamento",1,N107="Concluído",2,N107="Atrasado",3)} -> 2 | Q107: {=_xlfn.IFS(AND($I107<$N$3,$J107<$N$3),1,AND($I107<=$N$3,$J107>=$N$3),0.5,AND($I107>=$N$3,$J107>=$N$3),0)} -> 1 | R107: {=_xlfn.IFS(AND($K107<$N$3,$L107<$N$3),1,AND($K107<=$N$3,$L107>=$N$3),0.5,AND($K107>=$N$3,$L107>=$N$3),0)} -> 1 | S107: {=_xlfn.IFS(AND($K107>R$7,$L107>R$7),0,AND($K107<=R$7,$L107<=R$7),1,AND($K107<=R$7,$L107>R$7),((R$7-$K107)/($L107-$K107)))} -> #REF! | T107: {=_xlfn.IFS(AND($K107>S$7,$L107>S$7),0,AND($K107<=S$7,$L107<=S$7),1,AND($K107<=S$7,$L107>S$7),((S$7-$K107)/($L107-$K107)))} -> #REF! | U107: {=_xlfn.IFS(AND($K107>T$7,$L107>T$7),0,AND($K107<=T$7,$L107<=T$7),1,AND($K107<=T$7,$L107>T$7),((T$7-$K107)/($L107-$K107)))} -> #REF! | V107: {=_xlfn.IFS(AND($K107>U$7,$L107>U$7),0,AND($K107<=U$7,$L107<=U$7),1,AND($K107<=U$7,$L107>U$7),((U$7-$K107)/($L107-$K107)))} -> #REF! | W107: {=_xlfn.IFS(AND($K107>V$7,$L107>V$7),0,AND($K107<=V$7,$L107<=V$7),1,AND($K107<=V$7,$L107>V$7),((V$7-$K107)/($L107-$K107)))} -> #REF! | X107: {=_xlfn.IFS(AND($K107>W$7,$L107>W$7),0,AND($K107<=W$7,$L107<=W$7),1,AND($K107<=W$7,$L107>W$7),((W$7-$K107)/($L107-$K107)))} -> #REF! | Y107: {=_xlfn.IFS(AND($K107>X$7,$L107>X$7),0,AND($K107<=X$7,$L107<=X$7),1,AND($K107<=X$7,$L107>X$7),((X$7-$K107)/($L107-$K107)))} -> #REF! | Z107: {=_xlfn.IFS(AND($K107>Y$7,$L107>Y$7),0,AND($K107<=Y$7,$L107<=Y$7),1,AND($K107<=Y$7,$L107>Y$7),((Y$7-$K107)/($L107-$K107)))} -> #REF! | ... BN107: {=_xlfn.IFS(AND($K107>BM$7,$L107>BM$7),0,AND($K107<=BM$7,$L107<=BM$7),1,AND($K107<=BM$7,$L107>BM$7),((BM$7-$K107)/($L107-$K107)))} -> #REF!
B108: {=_xlfn.IFS(LEN(Tab.baseline[[#This Row],[EAP]])=1,"Nível 1",LEN(Tab.baseline[[#This Row],[EAP]])=3,"Nível 2",LEN(Tab.baseline[[#This Row],[EAP]])=5,"Nível 3",LEN(Tab.baseline[[#This Row],[EAP]])=7,"Nível 4",LEN(Tab.baseline[[#This Row],[EAP]])=9,"Nível 5",LEN(Tab.baseline[[#This Row],[EAP]])=11,"Nível 6",LEN(Tab.baseline[[#This Row],[EAP]])=11,"Nível 7")} -> Nível 3 | C108: 1.3.3 | D108: =$H$11 -> Arquitetura de projetos GERDAU | E108: =$H$45 -> Desenvolvimento da Transformação dos Processos | F108: - | G108: - | H108: Transformação do Processo | I108: =I109 -> 45747 | J108: =J109 -> 46010 | K108: =K109 -> 45747 | L108: =L109 -> 46010 | N108: {=_xlfn.IFS(L108<$M$3,"Concluído",AND(K108>=$M$3,I108<$M$3,L108>$M$3),"Em andamento",AND(L108>=$M$3,J108<$M$3),"Atrasado",AND(L108>=$M$3,J108>=$M$3,I108>$M$3,K108<=$M$3),"Em andamento",AND(L108>=$M$3,J108>=$M$3,I108<=$M$3,K108<=$M$3),"Em andamento",AND(K108>$M$3,I108>$M$3),"Não iniciado",AND(L108>=$M$3,J108>=$M$3,K108>=$M$3,I108<$M$3),"Atrasado",AND(L108>=$M$3,J108>=$M$3,K108>=$M$3,I108>$M$3),"Não iniciado",AND($I108<=$M$3,$K108>$M$3),"Atrasado")} -> Concluído | O108: {=_xlfn.IFS(N108="Não iniciado",0,N108="Em andamento",1,N108="Concluído",2,N108="Atrasado",3)} -> 2 | Q108: =Q109 -> 1 | R108: =R109 -> 1 | S108: =S109 -> #REF! | T108: =T109 -> #REF! | U108: =U109 -> #REF! | V108: =V109 -> #REF! | W108: =W109 -> #REF! | X108: =X109 -> #REF! | ... BN108: =BN109 -> #REF!
B109: {=_xlfn.IFS(LEN(Tab.baseline[[#This Row],[EAP]])=1,"Nível 1",LEN(Tab.baseline[[#This Row],[EAP]])=3,"Nível 2",LEN(Tab.baseline[[#This Row],[EAP]])=5,"Nível 3",LEN(Tab.baseline[[#This Row],[EAP]])=7,"Nível 4",LEN(Tab.baseline[[#This Row],[EAP]])=9,"Nível 5",LEN(Tab.baseline[[#This Row],[EAP]])=11,"Nível 6",LEN(Tab.baseline[[#This Row],[EAP]])=11,"Nível 7")} -> Nível 4 | C109: 1.3.3.1 | E109: =$H$45 -> Desenvolvimento da Transformação dos Processos | F109: =$H$108 -> Transformação do Processo | H109: Transformação do Processo | I109: =MIN(I110:I139) -> 45747 | J109: =MAX(J110:J139) -> 46010 | K109: =MIN(K110:K139) -> 45747 | L109: =MAX(L110:L139) -> 46010 | N109: {=_xlfn.IFS(L109<$M$3,"Concluído",AND(K109>=$M$3,I109<$M$3,L109>$M$3),"Em andamento",AND(L109>=$M$3,J109<$M$3),"Atrasado",AND(L109>=$M$3,J109>=$M$3,I109>$M$3,K109<=$M$3),"Em andamento",AND(L109>=$M$3,J109>=$M$3,I109<=$M$3,K109<=$M$3),"Em andamento",AND(K109>$M$3,I109>$M$3),"Não iniciado",AND(L109>=$M$3,J109>=$M$3,K109>=$M$3,I109<$M$3),"Atrasado",AND(L109>=$M$3,J109>=$M$3,K109>=$M$3,I109>$M$3),"Não iniciado",AND($I109<=$M$3,$K109>$M$3),"Atrasado")} -> Concluído | O109: {=_xlfn.IFS(N109="Não iniciado",0,N109="Em andamento",1,N109="Concluído",2,N109="Atrasado",3)} -> 2 | Q109: =AVERAGE(Q110:Q139) -> 1 | R109: =AVERAGE(R110:R139) -> 1 | S109: =AVERAGE(S110:S139) -> #REF! | T109: =AVERAGE(T110:T139) -> #REF! | U109: =AVERAGE(U110:U139) -> #REF! | V109: =AVERAGE(V110:V139) -> #REF! | W109: =AVERAGE(W110:W139) -> #REF! | X109: =AVERAGE(X110:X139) -> #REF! | ... BN109: =AVERAGE(BN110:BN139) -> #REF!
B110: {=_xlfn.IFS(LEN(Tab.baseline[[#This Row],[EAP]])=1,"Nível 1",LEN(Tab.baseline[[#This Row],[EAP]])=3,"Nível 2",LEN(Tab.baseline[[#This Row],[EAP]])=5,"Nível 3",LEN(Tab.baseline[[#This Row],[EAP]])=7,"Nível 4",LEN(Tab.baseline[[#This Row],[EAP]])=9,"Nível 5",LEN(Tab.baseline[[#This Row],[EAP]])=11,"Nível 6",LEN(Tab.baseline[[#This Row],[EAP]])=11,"Nível 7")} -> Nível 5 | C110: 1.3.3.1.1 | E110: =$H$45 -> Desenvolvimento da Transformação dos Processos | F110: =$H$108 -> Transformação do Processo | G110: =$H$109 -> Transformação do Processo | H110: Transformação do processo de definição e verificação do sequenciamento da pilha | I110: 45747 | J110: 45758 | K110: 45747 | L110: 45758 | N110: {=_xlfn.IFS(L110<$M$3,"Concluído",AND(K110>=$M$3,I110<$M$3,L110>$M$3),"Em andamento",AND(L110>=$M$3,J110<$M$3),"Atrasado",AND(L110>=$M$3,J110>=$M$3,I110>$M$3,K110<=$M$3),"Em andamento",AND(L110>=$M$3,J110>=$M$3,I110<=$M$3,K110<=$M$3),"Em andamento",AND(K110>$M$3,I110>$M$3),"Não iniciado",AND(L110>=$M$3,J110>=$M$3,K110>=$M$3,I110<$M$3),"Atrasado",AND(L110>=$M$3,J110>=$M$3,K110>=$M$3,I110>$M$3),"Não iniciado",AND($I110<=$M$3,$K110>$M$3),"Atrasado")} -> Concluído | O110: {=_xlfn.IFS(N110="Não iniciado",0,N110="Em andamento",1,N110="Concluído",2,N110="Atrasado",3)} -> 2 | Q110: {=_xlfn.IFS(AND($I110<$N$3,$J110<$N$3),1,AND($I110<=$N$3,$J110>=$N$3),0.5,AND($I110>=$N$3,$J110>=$N$3),0)} -> 1 | R110: {=_xlfn.IFS(AND($K110<$N$3,$L110<$N$3),1,AND($K110<=$N$3,$L110>=$N$3),0.5,AND($K110>=$N$3,$L110>=$N$3),0)} -> 1 | S110: {=_xlfn.IFS(AND($K110>R$7,$L110>R$7),0,AND($K110<=R$7,$L110<=R$7),1,AND($K110<=R$7,$L110>R$7),((R$7-$K110)/($L110-$K110)))} -> #REF! | T110: {=_xlfn.IFS(AND($K110>S$7,$L110>S$7),0,AND($K110<=S$7,$L110<=S$7),1,AND($K110<=S$7,$L110>S$7),((S$7-$K110)/($L110-$K110)))} -> #REF! | U110: {=_xlfn.IFS(AND($K110>T$7,$L110>T$7),0,AND($K110<=T$7,$L110<=T$7),1,AND($K110<=T$7,$L110>T$7),((T$7-$K110)/($L110-$K110)))} -> #REF! | V110: {=_xlfn.IFS(AND($K110>U$7,$L110>U$7),0,AND($K110<=U$7,$L110<=U$7),1,AND($K110<=U$7,$L110>U$7),((U$7-$K110)/($L110-$K110)))} -> #REF! | W110: {=_xlfn.IFS(AND($K110>V$7,$L110>V$7),0,AND($K110<=V$7,$L110<=V$7),1,AND($K110<=V$7,$L110>V$7),((V$7-$K110)/($L110-$K110)))} -> #REF! | X110: {=_xlfn.IFS(AND($K110>W$7,$L110>W$7),0,AND($K110<=W$7,$L110<=W$7),1,AND($K110<=W$7,$L110>W$7),((W$7-$K110)/($L110-$K110)))} -> #REF! | Y110: {=_xlfn.IFS(AND($K110>X$7,$L110>X$7),0,AND($K110<=X$7,$L110<=X$7),1,AND($K110<=X$7,$L110>X$7),((X$7-$K110)/($L110-$K110)))} -> #REF! | Z110: {=_xlfn.IFS(AND($K110>Y$7,$L110>Y$7),0,AND($K110<=Y$7,$L110<=Y$7),1,AND($K110<=Y$7,$L110>Y$7),((Y$7-$K110)/($L110-$K110)))} -> #REF! | ... BN110: {=_xlfn.IFS(AND($K110>BM$7,$L110>BM$7),0,AND($K110<=BM$7,$L110<=BM$7),1,AND($K110<=BM$7,$L110>BM$7),((BM$7-$K110)/($L110-$K110)))} -> #REF!
